plot,stocking,oldtree,spp,hgt,dbh,gr_hgt,rad_B,rad_W,rad_hgt,taper,Stiffness,tree,basicdens,nstiff,crownarea,plotdbh,dbhdev
2,714,N1,clo,13.4,15.6,1.2,6,5.5,1.5,0.858974359,10.77453859,1,536,30.15262666,104.0655,16.58,-0.98
2,714,N10,clo,13.7,14.6,1.3,5.7,5,4.6,0.938356164,13.04936251,10,522,37.49816814,90.305292,16.58,-1.98
2,714,N11,clo,15.3,15,3.6,3.5,2.7,5.7,1.02,13.71327893,11,561,36.6665212,30.693432,16.58,-1.58
2,714,N12,clo,13.5,14.4,1.5,5,4.5,5.2,0.9375,12.14702158,12,497,36.66103094,71.0787,16.58,-2.18
2,714,N13,clo,14.8,17.6,1,6,6.5,3.9,0.840909091,13.86821674,13,556,37.41425379,122.9151,16.58,1.02
2,714,N14,clo,13.9,18.3,2.3,6.5,5,4.8,0.759562842,13.41409467,14,518,38.84390347,105.6363,16.58,1.72
2,714,N15,clo,14.5,18.5,0.5,6,6.2,1.3,0.783783784,12.74367795,15,527,36.27232813,116.930352,16.58,1.92
2,714,N16,clo,14.4,16.7,3,6.2,6.3,6.2,0.862275449,14.73695348,16,548,40.33837632,122.726604,16.58,0.12
2,714,N17,clo,14.2,15,3.7,4.6,4.7,6.5,0.946666667,12.38842829,17,541,34.34869211,67.9371,16.58,-1.58
2,714,N18,clo,14.8,15.8,3.2,6,5.8,5.7,0.936708861,15.14844733,18,518,43.86616022,109.390512,16.58,-0.78
2,714,N19,clo,14.4,18.5,0.4,6.5,6.3,4.3,0.778378378,14.89755676,19,619,36.10070297,128.711352,16.58,1.92
2,714,N2,clo,12.7,17.2,0.9,6.5,6.5,1.3,0.738372093,13.84457303,2,539,38.52849638,132.7326,16.58,0.62
2,714,N20,clo,14.6,16.3,3.3,4.3,5,6.2,0.895705521,15.20264567,20,631,36.13941126,68.314092,16.58,-0.28
2,714,N3,clo,11.3,21.5,1,8.5,7,1.2,0.525581395,11.34764328,3,564,30.17990233,190.4595,16.58,4.92
2,714,N4,clo,12.5,17,1.2,5.5,7,1.3,0.735294118,14.30720849,4,589,36.43601483,124.4859,16.58,0.42
2,714,N5,clo,14.8,14.9,1.2,3.5,4.5,1.9,0.993288591,13.26816088,5,466,42.70867237,51.051,16.58,-1.68
2,714,N6,clo,11.2,10.8,1.9,3.5,4,3.3,1.037037037,12.19484664,6,478,38.2683472,44.3751,16.58,-5.78
2,714,N7,clo,15.1,18.1,1.7,6.5,5.5,2.8,0.834254144,14.68448715,7,574,38.37409534,113.883,16.58,1.52
2,714,N8,clo,15.3,18,1.3,7,6.5,2.9,0.85,17.71564371,8,590,45.03977215,143.3355,16.58,1.42
2,714,N9,clo,15.2,17.8,2.2,6,6.2,3.2,0.853932584,14.44930324,9,592,36.61141024,116.930352,16.58,1.22
7,3333,N1,clo,15.5,14.9,4.2,3.5,2.2,7.3,1.040268456,15.91122102,1,548,43.55261228,26.844972,14.59,0.31
7,3333,N10,clo,14.9,15.4,4.3,5,3.2,4.2,0.967532468,12.07855824,10,497,36.45440114,55.354992,14.59,0.81
7,3333,N11,clo,16.6,17.1,1.3,6,4.5,4.9,0.970760234,13.9395124,11,477,43.83494465,88.3575,14.59,2.51
7,3333,N12,clo,16.3,14.7,5.1,3.6,2.7,7.7,1.108843537,13.77400358,12,484,42.68802763,31.8087,14.59,0.11
7,3333,N13,clo,17.5,17.1,1.3,4.5,2.9,6.9,1.023391813,13.01485751,13,503,38.81170232,45.019128,14.59,2.51
7,3333,N14,clo,16.3,15.1,6.1,4,4.2,7.3,1.079470199,13.30113706,14,486,41.05289216,52.841712,14.59,0.51
7,3333,N15,clo,15.9,13.4,6.5,3.5,2.4,8.2,1.186567164,15.5228088,15,487,47.81152607,28.290108,14.59,-1.19
7,3333,N16,clo,14.3,10.8,6.7,3.5,2.3,7.2,1.324074074,14.64256879,16,488,45.00789587,27.551832,14.59,-3.79
7,3333,N17,clo,15.4,14.1,5.2,5.8,3,7.3,1.092198582,13.32594994,17,524,38.14680326,66.978912,14.59,-0.49
7,3333,N18,clo,14.4,12,4.8,3.8,2.5,6.4,1.2,14.79789906,18,537,41.33491356,32.499852,14.59,-2.59
7,3333,N19,clo,15.7,14.5,5.1,3.6,3,7,1.082758621,14.00998557,19,525,40.02853019,34.494768,14.59,-0.09
7,3333,N2,clo,15.9,13.5,7.8,3.5,2.2,8.8,1.177777778,16.35676714,2,534,45.9459751,26.844972,14.59,-1.09
7,3333,N20,clo,15.9,16.3,1.2,6,4.5,2.9,0.975460123,14.8764927,20,545,40.94447533,88.3575,14.59,1.71
7,3333,N3,clo,16,13.7,6.8,3.8,1.7,7.7,1.167883212,13.30367878,3,476,41.92335751,27.221964,14.59,-0.89
7,3333,N4,clo,16.4,15.3,5.2,4.5,3.2,7.1,1.071895425,16.1524973,4,545,44.4564146,47.893692,14.59,0.71
7,3333,N5,clo,16.3,17.6,2,5.5,6,4,0.926136364,15.63555809,5,592,39.61712353,104.0655,14.59,3.01
7,3333,N6,clo,14.8,13.6,5.3,3.5,2.5,5.7,1.088235294,15.93452136,6,562,42.52986127,29.0598,14.59,-0.99
7,3333,N7,clo,15.6,14.7,6.1,2.8,2.3,8,1.06122449,14.81356788,7,539,41.22514254,20.624604,14.59,0.11
7,3333,N8,clo,15.1,12.5,2.1,3.7,3,2.6,1.208,15.25713539,8,520,44.01096748,35.641452,14.59,-2.09
7,3333,N9,clo,14.3,15.5,1.7,3.3,3.8,5.5,0.922580645,12.42047077,9,545,34.18478194,39.788364,14.59,0.91
12,3333,N1,clo,16,14.7,4.6,3.5,3,6.9,1.088435374,14.75104146,1,542,40.82391549,33.3795,14.345,0.355
12,3333,N10,clo,16.6,14.2,5.8,4.5,3.2,8.2,1.169014085,13.7459268,10,522,39.49978967,47.893692,14.345,-0.145
12,3333,N11,clo,17.1,13.3,3.9,4.5,2.9,7.8,1.285714286,14.9239498,11,531,42.1580503,45.019128,14.345,-1.045
12,3333,N12,clo,17.2,15.1,5.3,5,3.2,7.9,1.139072848,12.66893513,12,522,36.404986,55.354992,14.345,0.755
12,3333,N13,clo,16.6,13.3,6.6,3.2,2,8.8,1.248120301,16.37497672,13,546,44.98619979,22.368192,14.345,-1.045
12,3333,N14,clo,17.5,14.3,6.6,3.6,3,8.5,1.223776224,15.25713539,14,536,42.69720726,34.494768,14.345,-0.045
12,3333,N15,clo,15.2,12.8,6.6,5,2.9,8.5,1.1875,13.65758112,15,488,41.98026984,52.480428,14.345,-1.545
12,3333,N16,clo,18.3,15,5.2,4,2.9,7.2,1.22,15.53964329,16,525,44.39898084,38.343228,14.345,0.655
12,3333,N17,clo,17.7,18.3,6.1,4.8,4.5,7.2,0.967213115,14.6374333,17,528,41.58361732,67.999932,14.345,3.955
12,3333,N18,clo,17,17.6,4.6,5.5,4.5,7.6,0.965909091,15.42792803,18,549,42.15280881,79.3254,14.345,3.255
12,3333,N19,clo,16.2,15,5.2,5,2.5,8.1,1.08,20.50029024,19,509,60.41342901,49.0875,14.345,0.655
12,3333,N2,clo,16,13.6,5.2,3.2,2.6,8.2,1.176470588,16.62691938,2,556,44.8567969,26.7036,14.345,-0.745
12,3333,N20,clo,15.6,16.1,4.3,5.2,4.3,6.2,0.968944099,14.88175453,20,540,41.33820702,71.518524,14.345,1.755
12,3333,N3,clo,14.9,14.2,3.8,3.2,3,8.2,1.049295775,14.95571414,3,526,42.64937492,30.222192,14.345,-0.145
12,3333,N4,clo,16.2,13.8,6,3.7,2.9,8.5,1.173913043,16.69550321,4,536,46.72249033,34.71468,14.345,-0.545
12,3333,N5,clo,14.9,12.6,6.5,2.9,2.3,7.8,1.182539683,13.1138083,5,512,38.41936024,21.51996,14.345,-1.745
12,3333,N6,clo,16.4,13.2,5.3,3.3,2.2,8.3,1.242424242,14.56242212,6,539,40.52622111,24.708684,14.345,-1.145
12,3333,N7,clo,16.8,14.4,4.7,4,3.2,7.3,1.166666667,15.91870483,7,541,44.13688955,41.217792,14.345,0.055
12,3333,N8,clo,15.9,13.1,5.4,3.2,3,7,1.213740458,15.23530441,8,548,41.70247557,30.222192,14.345,-1.245
12,3333,N9,clo,16.4,12.3,6.1,3.6,2.6,7.6,1.333333333,16.1524973,9,526,46.06225467,30.976176,14.345,-2.045
15,714,N1,clo,16.8,17.2,3.1,6.2,4.5,4.7,0.976744186,15.99299661,1,588,40.79846074,92.190252,17.97,-0.77
15,714,N10,clo,14.1,17.1,0.7,5,7.5,1.4,0.824561404,14.31855554,10,497,43.21495637,127.6275,17.97,-0.87
15,714,N11,clo,14.8,18.2,1.6,7,7.8,2.9,0.813186813,16.92933536,11,587,43.26065255,172.536672,17.97,0.23
15,714,N12,clo,14.8,19.9,2.5,6,7.1,5.2,0.743718593,15.85898175,12,526,45.22523312,135.732828,17.97,1.93
15,714,N13,clo,14.7,16,4.7,4.5,5.5,5.1,0.91875,13.22396318,13,463,42.84221331,79.3254,17.97,-1.97
15,714,N14,clo,15.2,16.7,1.7,6,5.5,4,0.910179641,12.14424971,14,513,35.50950208,104.0655,17.97,-1.27
15,714,N15,clo,22.8,17.8,4.8,6,5.5,8.6,1.280898876,13.65295496,15,534,38.35099708,104.0655,17.97,-0.17
15,714,N16,clo,13.3,14.9,5,3.8,3.5,7.7,0.89261745,11.55727046,16,492,35.23558066,41.924652,17.97,-3.07
15,714,N17,clo,23.1,18.3,4.7,7.5,7.5,7.8,1.262295082,15.0784217,17,528,42.8364253,176.715,17.97,0.33
15,714,N18,clo,19,19.2,4.3,5.2,3,8.2,0.989583333,15.69239394,18,527,44.6652579,56.611632,17.97,1.23
15,714,N19,clo,14.2,15.7,3.3,4,4,5.3,0.904458599,12.7478497,19,495,38.62984759,50.2656,17.97,-2.27
15,714,N2,clo,17,19.8,2.4,5.8,5,4.1,0.858585859,13.43814908,2,521,38.68948871,92.111712,17.97,1.83
15,714,N20,clo,18.1,15.9,3.8,5,4.9,5.5,1.13836478,14.15672947,20,482,44.05621205,76.984908,17.97,-2.07
15,714,N3,clo,15.2,21.5,1.5,6.2,6,1.9,0.706976744,12.83894401,3,581,33.14701553,116.930352,17.97,3.53
15,714,N4,clo,14,16.3,0.3,5.2,6.5,0.7,0.858895706,12.11713554,4,598,30.39415269,108.840732,17.97,-1.67
15,714,N5,clo,15.8,21.4,2.6,6.5,7,5.1,0.738317757,13.09703137,5,637,30.8407332,143.3355,17.97,3.43
15,714,N6,clo,12.7,13.3,0.9,3.2,5.5,3.3,0.954887218,14.2253443,6,477,44.7337871,63.601692,17.97,-4.67
15,714,N7,clo,13.3,20.5,1.5,6.5,6.5,3,0.648780488,12.823293,7,513,37.49500879,132.7326,17.97,2.53
15,714,N8,clo,15.5,20,2.9,6,6,4.6,0.775,14.29941522,8,539,39.79429096,113.0976,17.97,2.03
15,714,N9,clo,16.6,19.7,1.7,6,6.5,6.9,0.842639594,12.88667519,9,495,39.05053089,122.9151,17.97,1.73
16,1000,N1,clo,12.9,16.6,1,6,5.5,1.5,0.777108434,11.09607476,1,573,29.04731614,104.0655,17.525,-0.925
16,1000,N10,clo,18.4,15.7,6.2,3.5,2.8,7.8,1.171974522,17.55463733,10,559,47.1054669,31.557372,17.525,-1.825
16,1000,N11,clo,17.6,22.3,2.6,7,5.5,5.8,0.789237668,15.61856753,11,555,42.21234467,124.4859,17.525,4.775
16,1000,N12,clo,16.5,16.5,3.1,5.2,3.5,2.9,1,15.30642701,12,554,41.44339444,61.716732,17.525,-1.025
16,1000,N13,clo,15.8,14.9,6.7,4.5,3.2,6.7,1.060402685,15.43348514,13,488,47.43899121,47.893692,17.525,-2.625
16,1000,N14,clo,14.8,14.5,2,3.5,3,6.2,1.020689655,14.08860989,14,478,44.2111189,33.3795,17.525,-3.025
16,1000,N15,clo,18.2,17.3,2.1,5.5,6,5.8,1.052023121,18.2969627,15,579,47.40145778,104.0655,17.525,-0.225
16,1000,N16,clo,18.5,19.7,1.3,7.5,4.5,5.5,0.939086294,14.43923755,16,616,35.16048105,120.1662,17.525,2.175
16,1000,N17,clo,18.6,20.9,4.5,5.2,4.5,7.2,0.889952153,16.81948596,17,554,45.54012444,74.283132,17.525,3.375
16,1000,N18,clo,16.7,18.8,3.2,5.5,5,4.4,0.888297872,16.85930716,18,524,48.26137547,86.7867,17.525,1.275
16,1000,N19,clo,20.7,19.5,6,5.5,4.5,8,1.061538462,15.63555809,19,534,43.92010698,79.3254,17.525,1.975
16,1000,N2,clo,14.6,14.5,6.9,3.5,2.7,7.4,1.006896552,9.610461717,2,462,31.20279778,30.693432,17.525,-3.025
16,1000,N20,clo,15.8,13.9,4.3,4.5,5.5,5.1,1.136690647,12.50517618,20,480,39.07867556,79.3254,17.525,-3.625
16,1000,N3,clo,15.8,18,4,5,3.5,8.3,0.877777778,11.02189884,3,,,58.5123,17.525,0.475
16,1000,N4,clo,14.3,15.1,8,3.8,3,8,0.947019868,12.4704982,4,468,39.9695455,36.819552,17.525,-2.425
16,1000,N5,clo,16.4,18.9,4.1,5,4.1,7.7,0.867724868,14.04990493,5,644,32.72493385,65.675148,17.525,1.375
16,1000,N6,clo,15.2,16.8,3,5,4.2,5.5,0.904761905,12.07855824,6,486,37.27950076,66.978912,17.525,-0.725
16,1000,N7,clo,17.9,19.4,3.3,6,6.2,8.5,0.922680412,15.61775914,7,568,41.24408224,116.930352,17.525,1.875
16,1000,N8,clo,16.8,19.4,2.1,4.8,5,6,0.865979381,14.71475036,8,512,43.10962019,75.461232,17.525,1.875
16,1000,N9,clo,18,17.8,7.7,3.5,2.5,9.5,1.011235955,14.37406617,9,526,40.99068301,29.0598,17.525,0.275
17,1000,N1,clo,18.1,19.2,3.4,6.5,3,9,0.942708333,15.78972864,1,600,39.4743216,80.5035,19.485,-0.285
17,1000,N10,clo,18.7,21.3,2.5,6.7,6.5,2.3,0.877934272,13.79276926,10,543,38.10157253,136.879512,19.485,1.815
17,1000,N11,clo,17.6,24.2,2.1,7.5,6,5.3,0.727272727,15.18093148,11,559,40.73595209,144.9063,19.485,4.715
17,1000,N12,clo,20.1,19.8,3.2,6.8,3.3,5.8,1.015151515,17.06424273,12,582,43.98000703,89.739804,19.485,0.315
17,1000,N13,clo,18.3,21.3,7.3,6,5.8,9.9,0.85915493,15.17551021,13,575,39.5882875,109.390512,19.485,1.815
17,1000,N14,clo,17.5,15.8,9.6,5.2,3.5,10.2,1.107594937,16.14060078,14,530,45.68094561,61.716732,19.485,-3.685
17,1000,N15,clo,18.6,18.5,3,6,5.5,6.4,1.005405405,18.58004153,15,611,45.61384992,104.0655,19.485,-0.985
17,1000,N16,clo,19.1,20.9,6.7,7.8,6,9.3,0.913875598,18.42680473,16,588,47.00715493,152.116272,19.485,1.415
17,1000,N17,clo,20.3,22.3,8.1,6.7,6,10.8,0.910313901,15.3583225,17,568,40.55895026,127.062012,19.485,2.815
17,1000,N18,clo,19.7,20.6,3,7.5,7,6.8,0.95631068,17.99228437,18,599,45.05580393,165.3267,19.485,1.115
17,1000,N19,clo,19.6,22.3,1.9,8.2,7.5,7.4,0.878923767,15.60725587,19,529,44.25497884,193.978092,19.485,2.815
17,1000,N2,clo,18.9,21.7,4.3,7,4,7.8,0.870967742,16.85296252,2,558,45.30366269,102.102,19.485,2.215
17,1000,N20,clo,17.7,17.7,6.7,5.3,4.5,8.8,1,,20,595,,75.932472,19.485,-1.785
17,1000,N3,clo,16.4,21,5,6,6.6,7.7,0.780952381,16.2541509,3,558,43.69395403,124.972848,19.485,1.515
17,1000,N4,clo,17.9,20.1,5.4,8,6.8,7,0.890547264,14.71475036,4,552,39.98573467,173.164992,19.485,0.615
17,1000,N5,clo,18.3,20.3,4.3,7.5,6.5,5.5,0.901477833,14.23096752,5,498,42.86436,154.7238,19.485,0.815
17,1000,N6,clo,17.2,14.6,8.3,4.9,2.9,8.5,1.178082192,17.84525916,6,528,50.69675899,50.925336,19.485,-4.885
17,1000,N7,clo,18,20.1,1.3,6.2,5.5,8.1,0.895522388,13.93474227,7,536,38.99648022,107.898252,19.485,0.615
17,1000,N8,clo,17.8,14.6,7.1,4.5,3,9.1,1.219178082,16.40539369,8,538,45.73994524,45.9459,19.485,-4.885
17,1000,N9,clo,17.3,13.4,4.2,6,1.9,7.3,1.291044776,17.19142977,9,545,47.31586174,62.219388,19.485,-6.085
18,1000,N1,clo,15.6,13.5,5.8,4,2.9,7.6,1.155555556,16.32648525,1,522,46.91518749,38.343228,16.89,-3.39
18,1000,N10,clo,18,18.5,3.3,6.5,4.8,7.8,0.972972973,15.18093148,10,507,44.91399846,102.557532,16.89,1.61
18,1000,N11,clo,19.3,21.1,3.5,6,6.5,6.8,0.914691943,14.85547329,11,538,41.41860582,122.9151,16.89,4.21
18,1000,N12,clo,17.1,16.7,3.4,4.5,2.5,7,1.023952096,15.81276251,12,545,43.52136471,41.6262,16.89,-0.19
18,1000,N13,clo,17.1,18.6,3,6,5.5,6,0.919354839,19.84536756,13,606,49.12219694,104.0655,16.89,1.71
18,1000,N14,clo,17.5,17.5,2.2,5,4.5,5.2,1,20.9689097,14,569,55.27832082,71.0787,16.89,0.61
18,1000,N15,clo,19.2,18.1,4.8,6,5.5,7.5,1.060773481,19.71631857,15,601,49.20878179,104.0655,16.89,1.21
18,1000,N16,clo,18.5,19.6,8.1,4.5,5,8.9,0.943877551,15.00355114,16,513,43.87003256,71.0787,16.89,2.71
18,1000,N17,clo,18,17.1,5.8,6.2,5.5,7.1,1.052631579,18.57270127,17,548,50.83768597,107.898252,16.89,0.21
18,1000,N18,clo,17.2,15.7,6.6,3.7,3.3,9.3,1.095541401,14.36764465,18,555,38.83147202,38.610264,16.89,-1.19
18,1000,N19,clo,19.1,16.3,6.6,5.3,3.5,10,1.171779141,15.72664434,19,512,46.07415334,63.366072,16.89,-0.59
18,1000,N2,clo,14.4,12.5,4,3.3,4,7.1,1.152,14.19097468,2,466,45.67910306,42.238812,16.89,-4.39
18,1000,N20,clo,18.6,18.7,2.8,6,5.2,7.3,0.994652406,17.85316032,20,572,46.8177281,99.023232,16.89,1.81
18,1000,N3,clo,17.1,18,3.4,5.8,3.8,4.9,0.95,15.88216739,3,520,45.81394439,75.524064,16.89,1.11
18,1000,N4,clo,16.3,12.6,4.5,5.5,3.8,8.1,1.293650794,17.69515333,4,528,50.27032196,70.199052,16.89,-4.29
18,1000,N5,clo,19.1,19.5,3.5,6.1,7,7.8,0.979487179,16.30232024,5,583,41.94422016,135.418668,16.89,2.61
18,1000,N6,clo,18.4,18.7,1.6,6,4,6.5,0.983957219,16.59588454,6,525,47.41681297,81.6816,16.89,1.81
18,1000,N7,clo,16.6,14.3,6.9,5.2,3.4,8.1,1.160839161,15.22985398,7,529,43.18484115,60.63288,16.89,-2.59
18,1000,N8,clo,18.3,12.5,6,3.5,2.9,10.4,1.464,17.04487173,8,446,57.32580177,32.452728,16.89,-4.39
18,1000,N9,clo,18.2,18.3,5.6,6,4.5,8.4,0.994535519,17.35881518,9,522,49.88165283,88.3575,16.89,1.41
19,1667,N1,clo,18.6,16.7,6.1,5.5,4,8.5,1.113772455,16.99337667,1,560,45.51797323,72.6495,17.295,-0.595
19,1667,N10,clo,17.1,19.5,3.5,5,6,7.7,0.876923077,16.54024038,10,483,51.36720614,95.8188,17.295,2.205
19,1667,N11,clo,17.2,15.2,7.6,5.2,3.2,8.2,1.131578947,19.32105357,11,524,55.30835945,58.559424,17.295,-2.095
19,1667,N12,clo,17.9,16.3,8.3,5,4.3,9.3,1.098159509,19.77262215,12,543,54.62050318,68.314092,17.295,-0.995
19,1667,N13,clo,16.8,16.2,3,4.5,4,6.8,1.037037037,14.69923802,13,491,44.90602247,56.9415,17.295,-1.095
19,1667,N14,clo,17.2,17.5,5.1,5.8,4.8,6.9,0.982857143,16.11091693,14,483,50.0339035,89.032944,17.295,0.205
19,1667,N15,clo,17.9,15.2,2.5,5.3,3,6.9,1.177631579,19.95115509,15,529,56.5722734,58.260972,17.295,-2.095
19,1667,N16,clo,17.8,15.3,3.7,4.5,3,7.2,1.163398693,16.63313679,16,504,49.50338331,45.9459,17.295,-1.995
19,1667,N17,clo,17.2,15.5,4.5,5,3.8,6.7,1.109677419,17.81961659,17,513,52.10414208,61.952352,17.295,-1.795
19,1667,N18,clo,18.4,17.9,3,5.5,4.2,6,1.027932961,15.84492951,18,491,48.4060983,75.225612,17.295,0.605
19,1667,N19,clo,18.7,19.8,3.3,5.8,4.6,4.6,0.944444444,17.7361697,19,549,48.45948006,86.07984,17.295,2.505
19,1667,N2,clo,17.9,18,4.5,5.5,5.2,8.3,0.994444444,12.1597844,2,503,36.26178251,89.991132,17.295,0.705
19,1667,N20,clo,18.2,17.8,2.7,5.6,3.8,6.2,1.02247191,16.59588454,20,491,50.70025826,71.94264,17.295,0.505
19,1667,N3,clo,18.1,17.6,6.9,4,3.5,8.8,1.028409091,15.66962247,3,550,42.735334,44.3751,17.295,0.305
19,1667,N4,clo,17.5,16.2,8.4,4,4.2,8.9,1.080246914,14.16650116,4,506,41.9955568,52.841712,17.295,-1.095
19,1667,N5,clo,18.7,16.2,7.2,4.2,4,9.5,1.154320988,15.40572958,5,519,44.52522999,52.841712,17.295,-1.095
19,1667,N6,clo,18,17,6.7,5.3,3.5,9.5,1.058823529,19.43052108,6,507,57.48674877,63.366072,17.295,-0.295
19,1667,N7,clo,19,18.4,3.2,4.8,4,7.4,1.032608696,19.12786356,7,518,55.3895663,61.324032,17.295,1.105
19,1667,N8,clo,17.7,20.5,3.4,5.8,6,6.9,0.863414634,18.97539018,8,525,54.2154005,109.390512,17.295,3.205
19,1667,N9,clo,19.2,19.1,6,5.8,4.5,9.8,1.005235602,15.42158072,9,489,47.30546234,84.650412,17.295,1.805
20,1667,N1,clo,18.3,14.2,9.9,3.3,3,11.4,1.288732394,14.93452666,1,463,48.38399566,31.243212,17.365,-3.165
20,1667,N10,clo,18.5,17.2,4.1,4,3.5,10,1.075581395,13.5471987,10,539,37.70092402,44.3751,17.365,-0.165
20,1667,N11,clo,18.3,17,6.4,4.2,5,9.7,1.076470588,15.383579,11,528,43.70334943,66.978912,17.365,-0.365
20,1667,N12,clo,18.6,14.7,7.6,4.5,2.2,10,1.265306122,16.61449501,12,477,52.24683965,39.411372,17.365,-2.665
20,1667,N13,clo,19.1,13.6,8.2,3,2.5,10,1.404411765,15.04626586,13,427,52.85573485,23.9547,17.365,-3.765
20,1667,N14,clo,18.6,18,7.1,4.4,2.5,9.9,1.033333333,13.91568621,14,533,39.16234393,40.228188,17.365,0.635
20,1667,N15,clo,19.5,19.8,7.3,5.5,3.3,8.2,0.984848485,15.72664434,15,527,44.7627448,64.622712,17.365,2.435
20,1667,N16,clo,16,18.5,5.7,4.3,5.5,6.5,0.864864865,13.4291211,16,526,38.29597271,76.560792,17.365,1.135
20,1667,N17,clo,18.6,17.7,4.5,5.7,5.2,7.9,1.050847458,16.81496976,17,595,42.39068006,93.509724,17.365,0.335
20,1667,N18,clo,17,15.8,9.3,3.5,2.5,10.1,1.075949367,15.04626586,18,508,44.42795036,29.0598,17.365,-1.565
20,1667,N19,clo,18.6,16.4,8.1,3,2.5,9.7,1.134146341,16.50856926,19,491,50.43351098,23.9547,17.365,-0.965
20,1667,N2,clo,17.6,18.5,3.1,5.8,2,7,0.951351351,14.91866558,2,569,39.32864389,59.124912,17.365,1.135
20,1667,N20,clo,19.2,19.3,0.8,4.8,5.5,3.5,0.994818653,,20,527,,83.707932,17.365,1.935
20,1667,N3,clo,17.7,14,10.1,2.9,2.5,11.9,1.264285714,13.51525584,3,454,44.65392899,23.027928,17.365,-3.365
20,1667,N4,clo,18.9,19.2,4,4.8,3.3,9.6,0.984375,15.90540392,4,520,45.88097283,53.297244,17.365,1.835
20,1667,N5,clo,19.9,19.9,7.3,6,3.8,10.7,1,14.33844538,5,440,48.88106379,79.231152,17.365,2.535
20,1667,N6,clo,18,20.1,8.1,5.2,4,10,0.895522388,13.18876382,6,545,36.29934998,67.607232,17.365,2.735
20,1667,N7,clo,19.4,18.7,8.3,5.8,5,9.3,1.037433155,15.95203021,7,617,38.7812728,92.111712,17.365,1.335
20,1667,N8,clo,18.7,16.8,8.2,4.5,4,9.6,1.113095238,13.62788248,8,507,40.31917895,56.9415,17.365,-0.565
20,1667,N9,clo,19.6,17.9,8.1,5,3.5,11.2,1.094972067,14.69407268,9,512,43.04904107,58.5123,17.365,0.535
21,1667,N1,clo,15.5,17.5,6,5,3.5,7.2,0.885714286,12.58782594,1,515,36.66357069,58.5123,16.825,0.675
21,1667,N10,clo,18.5,17.8,7.6,6,3.2,10,1.039325843,16.81496976,10,523,48.2264907,72.633792,16.825,0.975
21,1667,N11,clo,19.6,18.5,7.9,5.5,2.6,10.8,1.059459459,16.03412102,11,533,45.12416798,58.135308,16.825,1.675
21,1667,N12,clo,18.3,15.3,6.9,3.5,2.9,7.9,1.196078431,14.99822459,12,528,42.60859259,32.452728,16.825,-1.525
21,1667,N13,clo,19.9,17.8,4.9,5.5,4.5,7.8,1.117977528,13.86686404,13,514,40.46750207,79.3254,16.825,0.975
21,1667,N14,clo,18.3,14.7,6.1,3.6,3.8,8.8,1.244897959,14.51498755,14,514,42.35891309,43.03992,16.825,-2.125
21,1667,N15,clo,17.1,14.2,4,5,4.5,8.3,1.204225352,17.53057967,15,581,45.25967213,71.0787,16.825,-2.625
21,1667,N16,clo,18.2,17.2,6.9,4,3.5,9.3,1.058139535,13.74125569,16,581,35.47656375,44.3751,16.825,0.375
21,1667,N17,clo,17.4,16.6,3.4,5,3.5,6.1,1.048192771,12.73534058,17,477,40.04824081,58.5123,16.825,-0.225
21,1667,N18,clo,18.2,15.5,1.8,5.8,3.7,8.4,1.174193548,14.57747535,18,495,44.17416771,74.345964,16.825,-1.325
21,1667,N19,clo,19.6,19.5,5.5,5.5,3,9.4,1.005128205,15.12684912,19,548,41.40560891,61.6539,16.825,2.675
21,1667,N2,clo,16.2,16,8.2,4.5,4,9.4,1.0125,16.41148725,2,567,43.41663295,56.9415,16.825,-0.825
21,1667,N20,clo,17.7,17,5.9,4.5,5.3,7.6,1.041176471,17.66788807,20,602,44.02297692,75.932472,16.825,0.175
21,1667,N3,clo,16.4,16.9,5.9,5.5,5,8.2,0.970414201,14.12260807,3,545,38.8695635,86.7867,16.825,0.075
21,1667,N4,clo,18.9,16.5,3.4,5,3.2,7.6,1.145454545,15.50600165,4,611,38.06710715,55.354992,16.825,-0.325
21,1667,N5,clo,17.5,17.3,4,5.2,3.5,7.6,1.011560694,12.68963093,5,521,36.53444604,61.716732,16.825,0.475
21,1667,N6,clo,17.5,19.2,4.5,5.5,5.4,6.6,0.911458333,12.56212876,6,481,39.17503772,93.321228,16.825,2.375
21,1667,N7,clo,16.7,19.5,8.2,5.5,4,9.2,0.856410256,13.67147371,7,566,36.2318208,72.6495,16.825,2.675
21,1667,N8,clo,16.8,13.2,8.3,2.9,2.8,9.5,1.272727273,13.03209288,8,463,42.22060328,25.5255,16.825,-3.625
21,1667,N9,clo,18.2,16.3,6.4,5,2.5,9.2,1.116564417,18.52666192,9,552,50.34418999,49.0875,16.825,-0.525
23,3333,N1,clo,17.2,16,7.1,4.5,3.5,8.8,1.075,13.55830738,1,560,36.31689477,51.051,14.36,1.64
23,3333,N10,clo,17.5,16.1,4.5,3.5,3.2,7.6,1.086956522,16.01983542,10,534,44.99953769,35.327292,14.36,1.74
23,3333,N11,clo,15.1,14.4,2.5,4.2,4,5.5,1.048611111,12.72701138,11,515,37.06896518,52.841712,14.36,0.04
23,3333,N12,clo,16.4,12.5,6.3,3.6,1.6,8.3,1.312,17.19983486,12,544,47.42601523,24.378816,14.36,-1.86
23,3333,N13,clo,16.2,14,5,3.5,2.3,6.9,1.157142857,14.65799149,13,550,39.97634043,27.551832,14.36,-0.36
23,3333,N14,clo,17.1,15.8,6.4,4.2,3.5,8,1.082278481,14.87273596,14,556,40.12428767,46.951212,14.36,1.44
23,3333,N15,clo,15,13.8,5.4,3.2,2,8.1,1.086956522,14.35196567,15,522,41.24128065,22.368192,14.36,-0.56
23,3333,N16,clo,16.9,13.3,7.3,3.5,1.6,9.1,1.270676692,15.77248623,16,503,47.03524721,23.263548,14.36,-1.06
23,3333,N17,clo,15.6,11.2,5.1,3.5,2.2,7.8,1.392857143,16.42019824,17,546,45.11043472,26.844972,14.36,-3.16
23,3333,N18,clo,17.1,13.1,9.5,3.3,2.8,10.2,1.305343511,16.33253489,18,503,48.70537243,29.421084,14.36,-1.26
23,3333,N19,clo,15.6,13.2,6.5,3.4,2.5,8.7,1.181818182,16.3385879,19,518,47.31251321,27.975948,14.36,-1.16
23,3333,N2,clo,16.2,14,7.2,3.5,2.4,10.1,1.157142857,17.56395291,2,567,46.46548388,28.290108,14.36,-0.36
23,3333,N20,clo,16.1,14,3.5,4,2.7,7.9,1.15,14.61691833,20,512,42.82300292,36.583932,14.36,-0.36
23,3333,N3,clo,17.3,15.8,6.3,3.2,3,8.5,1.094936709,15.5846694,3,559,41.81932756,30.222192,14.36,1.44
23,3333,N4,clo,16.2,14.1,7.2,3,1.9,9.1,1.14893617,14.66607978,4,529,41.58623756,19.807788,14.36,-0.26
23,3333,N5,clo,17.1,15.3,3.3,3.6,2.6,6.9,1.117647059,16.01647688,5,556,43.20991963,30.976176,14.36,0.94
23,3333,N6,clo,18.1,14.4,4,4.3,2.5,9,1.256944444,15.49481203,6,530,43.85324159,38.861592,14.36,0.04
23,3333,N7,clo,17.9,16.3,6.3,4.8,3.3,8.5,1.098159509,14.45937946,7,489,44.35392473,53.297244,14.36,1.94
23,3333,N8,clo,18.4,15.6,7.3,4,2.5,9.5,1.179487179,14.88175453,8,527,42.35793509,34.9503,14.36,1.24
23,3333,N9,clo,17.4,14.3,3.3,4.2,2.6,8.5,1.216783217,14.7199266,9,532,41.50355245,38.32752,14.36,-0.06
24,714,N1,clo,15,18,3.3,6,6.5,6,0.833333333,14.18117766,1,590,36.05384152,122.9151,15.585,2.415
24,714,N10,clo,10.5,9.4,1,3,3.6,3.3,1.117021277,14.69702397,10,458,48.13435799,34.494768,15.585,-6.185
24,714,N11,clo,10.5,8.5,2.8,3.3,3.6,3.4,1.235294118,9.193010551,11,426,32.36975546,37.46358,15.585,-7.085
24,714,N12,clo,13.8,16.5,1,5.8,5.9,1,0.836363636,14.94511477,12,536,41.82401521,107.52126,15.585,0.915
24,714,N13,clo,14.4,17.8,1.6,5.2,6.2,2.4,0.808988764,14.62717042,13,501,43.79392342,102.855984,15.585,2.215
24,714,N14,clo,14.1,17.3,1.4,5.7,5.3,1.9,0.815028902,15.45574363,14,579,40.04078661,95.159064,15.585,1.715
24,714,N15,clo,16.3,15.2,1.7,5.5,6,3.3,1.072368421,14.8502254,15,531,41.94978925,104.0655,15.585,-0.385
24,714,N16,clo,17.6,14.7,0.7,6.6,6,4.3,1.197278912,18.91922123,16,502,56.53153754,124.972848,15.585,-0.885
24,714,N17,clo,18.6,15.4,1.4,5.8,4.8,2.3,1.207792208,13.96750098,17,528,39.68040051,89.032944,15.585,-0.185
24,714,N18,clo,16.8,15.7,2.1,5.3,5.6,2.7,1.070063694,15.94035444,18,585,40.87270368,93.38406,15.585,0.115
24,714,N19,clo,15.5,12.8,1.8,5,6,2.4,1.2109375,14.3590893,19,507,42.48251271,95.8188,15.585,-2.785
24,714,N2,clo,16.5,19.6,0.9,6,6,4.5,0.841836735,17.72932374,2,661,40.23295857,113.0976,15.585,4.015
24,714,N20,clo,17.6,13.1,3.2,6,6.2,6,1.34351145,15.50600165,20,590,39.42203808,116.930352,15.585,-2.485
24,714,N3,clo,12.1,16.6,0.8,5.2,6.2,2.5,0.728915663,12.71869035,3,553,34.49916008,102.855984,15.585,1.015
24,714,N4,clo,15.4,17.3,1,5.8,5,2.7,0.89017341,14.67859302,4,599,36.75774547,92.111712,15.585,1.715
24,714,N5,clo,15.9,17.5,1.4,6.2,5.8,3.5,0.908571429,16.66427624,5,540,46.28965623,113.223264,15.585,1.915
24,714,N6,clo,13.9,12,3.6,3.2,3,4.2,1.158333333,16.69729026,6,539,46.46741259,30.222192,15.585,-3.585
24,714,N7,clo,11.9,15.8,0.5,5.1,6.5,1.7,0.753164557,13.68671375,7,510,40.25504045,107.222808,15.585,0.215
24,714,N8,clo,13.2,19,0.6,6.2,6.3,1,0.694736842,13.80216647,8,598,34.62081891,122.726604,15.585,3.415
24,714,N9,clo,14.4,19.5,1,5.8,6.2,1.7,0.738461538,16.75732259,9,548,45.86858374,113.223264,15.585,3.915
76,714,N1,dun,14.8,16.4,2,5,4.5,4.4,0.902439024,9.631175808,1,374,38.62771046,71.0787,17.285,-0.885
76,714,N10,dun,15.5,19.2,2.4,5.5,4.5,4.3,0.807291667,12.34457196,10,454,40.7860307,79.3254,17.285,1.915
76,714,N11,dun,15.2,16.3,2.6,3.6,3,4.7,0.932515337,13.48796608,11,445,45.46505419,34.494768,17.285,-0.985
76,714,N12,dun,15.4,17.7,2.6,5.5,4.2,3.9,0.870056497,9.720656736,12,388,37.57985852,75.225612,17.285,0.415
76,714,N13,dun,15.3,16.5,1.6,4,3.2,4.8,0.927272727,13.64370968,13,422,48.4965984,41.217792,17.285,-0.785
76,714,N14,dun,16,17.5,2,4.5,3.5,4,0.914285714,13.97297199,14,434,48.29368199,51.051,17.285,0.215
76,714,N15,dun,15.4,18.3,2.2,5.5,4.5,3.8,0.841530055,8.602149915,15,406,31.78134205,79.3254,17.285,1.015
76,714,N16,dun,13.5,16.6,2.2,4.5,4.2,4.3,0.813253012,11.63692559,16,422,41.3634796,59.517612,17.285,-0.685
76,714,N17,dun,14.2,17.1,3,5,3.8,4.4,0.830409357,11.20875054,17,393,42.78149061,61.952352,17.285,-0.185
76,714,N18,dun,14.7,17.3,2.7,4.6,4,3.9,0.849710983,10.80052482,18,408,39.70781182,58.370928,17.285,0.015
76,714,N19,dun,13.4,16.1,3,5.5,4.5,3.9,0.832298137,10.95843475,19,419,39.23067333,79.3254,17.285,-1.185
76,714,N2,dun,14.7,13.9,3.5,4.5,3.5,5.3,1.057553957,13.64370968,2,465,44.01196672,51.051,17.285,-3.385
76,714,N20,dun,15,18.1,0.8,5.6,5,3.3,0.828729282,8.333367041,20,333,37.53768937,88.530288,17.285,0.815
76,714,N3,dun,16.3,17.2,4.5,3.6,3.2,5.9,0.947674419,10.07164245,3,356,42.4366957,36.44256,17.285,-0.085
76,714,N4,dun,13.8,14,2.9,4.3,3.5,5,0.985714286,9.419427696,4,398,35.50035564,48.286392,17.285,-3.285
76,714,N5,dun,15,19.7,0.5,6,5.5,3,0.76142132,9.26498128,5,376,36.96136149,104.0655,17.285,2.415
76,714,N6,dun,17,21.7,1.7,6,5.5,4.2,0.783410138,11.48556428,6,502,34.31941519,104.0655,17.285,4.415
76,714,N7,dun,14,20,2.6,5.5,4.5,4,0.7,9.04443326,7,379,35.79591,79.3254,17.285,2.715
76,714,N8,dun,15.4,17.6,3.5,4.5,3.7,6.4,0.875,13.61603015,8,459,44.49683056,53.312952,17.285,0.315
76,714,N9,dun,13.4,14.5,2.1,5,4.3,4.1,0.924137931,12.4849298,9,432,43.35045069,68.314092,17.285,-2.785
77,1667,N1,dun,15.5,15.8,3.4,4.5,3.5,7.5,0.981012658,13.29478595,1,493,40.4506672,51.051,14.565,1.235
77,1667,N10,dun,15.9,15.3,3.4,4.2,3,7.9,1.039215686,13.49705347,10,455,44.49578067,41.846112,14.565,0.735
77,1667,N11,dun,16.1,16.6,4.8,4,2.3,8.2,0.969879518,12.14037069,11,430,42.35013032,33.442332,14.565,2.035
77,1667,N12,dun,15.7,15.3,3.6,4.4,3.2,6.7,1.026143791,13.07966706,12,458,42.83733754,46.49568,14.565,0.735
77,1667,N13,dun,16.5,14.5,4.9,4.2,2.7,8.6,1.137931034,11.59337562,13,409,42.51849249,39.160044,14.565,-0.065
77,1667,N14,dun,16.3,15.1,3.2,3.5,2.7,7.5,1.079470199,13.71327893,14,442,46.53827691,30.693432,14.565,0.535
77,1667,N15,dun,14.9,12.9,3.4,3,2.2,7.8,1.15503876,12.49707172,15,461,40.66292318,21.739872,14.565,-1.665
77,1667,N16,dun,16.4,16.1,4.7,4,2,7.8,1.01863354,12.55804783,16,406,46.39672842,31.416,14.565,1.535
77,1667,N17,dun,16.4,13.3,8.7,2.6,1.7,10,1.233082707,12.45666737,17,458,40.79694555,15.15822,14.565,-1.265
77,1667,N18,dun,14.4,13,5.7,3,2.3,7.8,1.107692308,15.13764245,18,484,46.91418114,22.446732,14.565,-1.565
77,1667,N19,dun,15,14.2,4.8,4.5,3,7.3,1.056338028,12.3844317,19,466,39.86405055,45.9459,14.565,-0.365
77,1667,N2,dun,16.8,16.1,3,4.5,3,6.1,1.043478261,13.67147371,2,564,36.36030243,45.9459,14.565,1.535
77,1667,N20,dun,15,13.2,4.7,2.8,2,8,1.136363636,12.79567278,20,511,37.56068331,18.598272,14.565,-1.365
77,1667,N3,dun,16.7,16.7,2.9,5,3.3,5.1,1,12.07471064,3,467,38.78386716,56.376012,14.565,2.135
77,1667,N4,dun,14.4,13.4,9.4,3.2,2,10.2,1.074626866,10.62782943,4,378,42.17392629,22.368192,14.565,-1.165
77,1667,N5,dun,14.9,12.6,8.3,2.5,1.9,9.2,1.182539683,11.65879266,5,442,39.56603844,15.488088,14.565,-1.965
77,1667,N6,dun,15.1,13.6,4.5,3.3,2.5,7.4,1.110294118,10.77778174,6,386,41.88257153,26.923512,14.565,-0.965
77,1667,N7,dun,15.4,14.1,4.6,3.5,2.7,7.7,1.092198582,13.94906001,7,507,41.26940832,30.693432,14.565,-0.465
77,1667,N8,dun,16.3,13.7,5.2,3.5,2.5,8.5,1.189781022,13.14933228,8,451,43.73392111,29.0598,14.565,-0.865
77,1667,N9,dun,16.5,15.8,5,3.6,2,8.7,1.044303797,11.89592713,9,412,43.31041431,26.640768,14.565,1.235
78,1000,N1,dun,15.1,14.7,4.7,3.3,2.6,7.6,1.027210884,11.38981472,1,416,41.06904346,27.72462,15.06,-0.36
78,1000,N10,dun,15.9,16.3,8,3.8,2.8,9.2,0.975460123,11.19843653,10,406,41.37353399,34.997424,15.06,1.24
78,1000,N11,dun,15.9,15.4,3.6,3.5,2.7,8.1,1.032467532,11.89592713,11,394,45.28906268,30.693432,15.06,0.34
78,1000,N12,dun,15.2,14.4,4.5,3.5,2.5,8.3,1.055555556,13.79276926,12,451,45.8739554,29.0598,15.06,-0.66
78,1000,N13,dun,15.4,15.9,3,4.5,3.3,5.3,0.968553459,9.756878429,13,397,36.86477996,48.914712,15.06,0.84
78,1000,N14,dun,16,15.8,3.3,4,3.5,6.6,1.012658228,11.96826232,14,450,39.89420775,44.3751,15.06,0.74
78,1000,N15,dun,15.3,12.4,2.7,3.3,2.7,6.7,1.233870968,10.31022802,15,435,35.5525104,28.557144,15.06,-2.66
78,1000,N16,dun,15.9,15.8,2.8,4.2,4,5.7,1.006329114,10.48854384,16,380,41.40214675,52.841712,15.06,0.74
78,1000,N17,dun,15.4,14.5,3.9,4.5,2.9,6.1,1.062068966,12.71453289,17,479,39.81586501,45.019128,15.06,-0.56
78,1000,N18,dun,15.7,16.2,3.9,4.2,2.8,6.8,0.969135802,10.53183095,18,388,40.7158413,40.023984,15.06,1.14
78,1000,N19,dun,15.7,15.5,3.6,4.2,2.7,7.4,1.012903226,13.4291211,19,432,46.62889269,39.160044,15.06,0.44
78,1000,N2,dun,13.9,12.4,2.7,3,2.3,7,1.120967742,10.55424863,2,422,37.51510178,22.446732,15.06,-2.66
78,1000,N20,dun,16.4,15.7,3.3,3.5,2.8,6.9,1.044585987,12.77292332,20,413,46.39076268,31.557372,15.06,0.64
78,1000,N3,dun,15.1,14.4,3.6,4.4,2.9,7.5,1.048611111,12.19094336,3,456,40.10178737,43.621116,15.06,-0.66
78,1000,N4,dun,15.1,13.8,2.8,3.5,2.8,7.2,1.094202899,11.44286044,4,547,31.37895916,31.557372,15.06,-1.26
78,1000,N5,dun,15.8,15.5,4.8,3.5,3,7.4,1.019354839,14.1031655,5,399,53.01941916,33.3795,15.06,0.44
78,1000,N6,dun,16.1,15.2,4.5,4,3.2,7,1.059210526,14.01135927,6,503,41.78337753,41.217792,15.06,0.14
78,1000,N7,dun,15.1,15.2,4.8,4.5,3.2,6.7,0.993421053,11.57530193,7,426,40.75810538,47.893692,15.06,0.14
78,1000,N8,dun,16.3,16.6,4.7,4.2,3.3,8,0.981927711,12.23790682,8,403,45.55052167,44.814924,15.06,1.54
78,1000,N9,dun,16.6,15.5,4.8,4.2,2.9,8.1,1.070967742,13.59302816,9,450,45.31009385,40.91934,15.06,0.44
79,1667,N1,dun,14.5,13.4,6.6,3.5,2.8,7.2,1.082089552,12.30490433,1,462,39.9509881,31.557372,14.935,-1.535
79,1667,N10,dun,13.4,12.9,3.6,3.2,3,5.7,1.03875969,10.6651368,10,409,39.11419363,30.222192,14.935,-2.035
79,1667,N11,dun,14.7,13.1,4.5,3.3,2.5,6.8,1.122137405,11.59337562,11,432,40.25477646,26.923512,14.935,-1.835
79,1667,N12,dun,16.1,15.1,5.6,4.5,2.9,7,1.066225166,13.83513248,12,454,45.71079013,45.019128,14.935,0.165
79,1667,N13,dun,15.5,14,4.6,3.3,2.5,6.6,1.107142857,14.53020907,13,473,46.07888711,26.923512,14.935,-0.935
79,1667,N14,dun,16.2,13.7,5,3.2,2.8,7.6,1.182481752,11.20875054,14,407,41.30989143,28.400064,14.935,-1.235
79,1667,N15,dun,15.3,14.3,3.7,3,2.4,8,1.06993007,11.96013236,15,383,46.84124945,23.185008,14.935,-0.635
79,1667,N16,dun,15.1,17.2,3.6,4.5,4,5.2,0.877906977,11.99814324,16,415,43.36678278,56.9415,14.935,2.265
79,1667,N17,dun,13.8,12.4,4.3,3.5,2.4,7.4,1.112903226,10.98842817,17,434,37.97843837,28.290108,14.935,-2.535
79,1667,N18,dun,14.9,16.1,2.5,4,2.7,6.3,0.925465839,11.11303734,18,407,40.95714008,36.583932,14.935,1.165
79,1667,N19,dun,14.9,13.6,7,3.2,1.9,8.2,1.095588235,11.13003886,19,421,39.65572039,21.75558,14.935,-1.335
79,1667,N2,dun,16.6,15.5,3.6,4,2.5,5.5,1.070967742,14.0209808,2,428,49.1389514,34.9503,14.935,0.565
79,1667,N20,dun,16.6,16.5,4.5,4,2.3,8.2,1.006060606,12.81067269,20,409,46.98290719,33.442332,14.935,1.565
79,1667,N3,dun,15.7,14.4,3.7,4.5,2.3,6.1,1.090277778,12.19484664,3,419,43.65696888,40.118232,14.935,-0.535
79,1667,N4,dun,15.7,19.3,1.4,5,3,4.9,0.813471503,10.04532092,4,398,37.85924971,53.4072,14.935,4.365
79,1667,N5,dun,16.3,15.7,3.9,3.2,2.4,6.1,1.038216561,11.70638325,5,393,44.6808521,25.1328,14.935,0.765
79,1667,N6,dun,16.8,17.2,2.8,4,3.2,8,0.976744186,11.34063748,6,393,43.28487589,41.217792,14.935,2.265
79,1667,N7,dun,15,13.5,4.7,3.2,2.6,7.1,1.111111111,12.45666737,7,427,43.75878468,26.7036,14.935,-1.435
79,1667,N8,dun,15.4,15.8,4.5,3.6,2.5,6.5,0.974683544,10.68432156,8,381,42.06425811,30.175068,14.935,0.865
79,1667,N9,dun,15.2,15,5.1,3.7,2.6,7.2,1.013333333,14.02579528,9,442,47.59885276,32.12286,14.935,0.065
80,1000,N1,dun,14.8,13.2,1.7,3.5,2.5,6.6,1.121212121,11.66922722,1,457,38.30162107,29.0598,14.805,-1.605
80,1000,N10,dun,15.2,14,3.4,3.5,2.8,6.3,1.085714286,13.7786914,10,442,46.76026495,31.557372,14.805,-0.805
80,1000,N11,dun,14.1,11.8,2.5,2.9,2.5,6.2,1.194915254,11.48556428,11,409,42.1230964,23.027928,14.805,-3.005
80,1000,N12,dun,14.1,13.7,3.7,3.2,2.8,6.6,1.02919708,11.56087337,12,447,38.79487709,28.400064,14.805,-1.105
80,1000,N13,dun,14.8,15.3,3.8,3.5,2.7,6.3,0.967320261,10.86262014,13,390,41.77930823,30.693432,14.805,0.495
80,1000,N14,dun,14.2,15.7,2.6,4.5,3,6.1,0.904458599,13.67610929,14,444,46.20307193,45.9459,14.805,0.895
80,1000,N15,dun,14.9,14.3,3,3,2.9,5.9,1.041958042,11.94497856,15,460,38.95101705,27.347628,14.805,-0.505
80,1000,N16,dun,15.8,15.4,4.2,3.3,2.7,7.4,1.025974026,13.40851984,16,462,43.53415534,28.557144,14.805,0.595
80,1000,N17,dun,15.9,15.6,2.7,4.2,2.7,6.1,1.019230769,13.41366571,17,457,44.02734915,39.160044,14.805,0.795
80,1000,N18,dun,16.5,15.4,4.8,4.5,3,7.3,1.071428571,14.69407268,18,449,49.08932968,45.9459,14.805,0.595
80,1000,N19,dun,14.4,15.4,3,4,2.4,7,0.935064935,13.5517712,19,446,45.57770583,34.180608,14.805,0.595
80,1000,N2,dun,15.6,14.4,4.2,3.6,2.7,5.8,1.083333333,11.88840758,2,395,45.14585158,31.8087,14.805,-0.405
80,1000,N20,dun,14.1,13.8,3.1,3.5,2.6,6.1,1.02173913,12.60304772,20,486,38.89829542,29.860908,14.805,-1.005
80,1000,N3,dun,15.5,16,5.4,3.5,2.8,6.9,0.96875,10.8992864,3,374,43.7137155,31.557372,14.805,1.195
80,1000,N4,dun,14.7,14,3.7,3.5,2.5,6.8,1.05,10.75187752,4,406,39.7236854,29.0598,14.805,-0.805
80,1000,N5,dun,14.8,15,4.5,3.3,2.4,6.2,0.986666667,9.704007028,5,349,41.70776659,26.15382,14.805,0.195
80,1000,N6,dun,16.4,17,3.3,4.2,3,5.6,0.964705882,13.64833115,6,450,45.49443716,41.846112,14.805,2.195
80,1000,N7,dun,15.1,16.2,3.8,4,2.9,6.4,0.932098765,11.89592713,7,435,41.02043838,38.343228,14.805,1.395
80,1000,N8,dun,15.2,16.7,3,3.8,3,4.6,0.910179641,11.2778762,8,417,40.56789999,36.819552,14.805,1.895
80,1000,N9,dun,14.5,13.2,5.1,3.3,2.8,6.9,1.098484848,11.73634132,9,417,42.21705511,29.421084,14.805,-1.605
81,3333,N1,dun,14.3,12.3,4.6,3.5,1.9,7.6,1.162601626,11.907758,1,440,40.59462954,24.912888,13.21,-0.91
81,3333,N10,dun,14.5,14,4.5,3,1.6,7.6,1.035714286,12.35252849,10,411,45.08222076,18.158448,13.21,0.79
81,3333,N11,dun,15,13.3,4.8,3.3,2,7.2,1.127819549,13.07533138,11,433,45.29560526,23.389212,13.21,0.09
81,3333,N12,dun,15.5,13.9,5,3.8,1.9,8.1,1.115107914,13.52893178,12,417,48.66522225,28.35294,13.21,0.69
81,3333,N13,dun,14,12.7,4.3,3.3,1.8,7,1.102362205,11.67706233,13,400,43.78898374,22.195404,13.21,-0.51
81,3333,N14,dun,13.5,11.4,4.7,2.8,2,7.6,1.184210526,12.44861002,14,451,41.40335927,18.598272,13.21,-1.81
81,3333,N15,dun,14.9,16.3,4,3.7,2.3,6.3,0.914110429,10.56053841,15,380,41.68633584,29.813784,13.21,3.09
81,3333,N16,dun,14.7,12.5,7.5,2.6,1.8,8.4,1.176,12.89516164,16,384,50.37172516,15.708,13.21,-0.71
81,3333,N17,dun,14.5,11.2,7.4,2.2,1.5,8,1.294642857,11.37221476,17,398,42.86010589,11.136972,13.21,-2.01
81,3333,N18,dun,15.1,13.5,5.8,2.8,2.2,8.3,1.118518519,16.31439603,18,471,51.95667524,19.917744,13.21,0.29
81,3333,N19,dun,15.9,14.1,6.7,3,1.8,7.8,1.127659574,16.99337667,19,499,51.08229461,19.226592,13.21,0.89
81,3333,N2,dun,15.4,17.2,3.7,4.5,3.5,6.7,0.895348837,10.45127336,2,382,41.03903153,51.051,13.21,3.99
81,3333,N20,dun,15.8,15,7.4,3.3,2.2,9.3,1.053333333,13.87295275,20,417,49.90270774,24.708684,13.21,1.79
81,3333,N3,dun,15,12.3,4.6,3.5,1.8,8.7,1.219512195,14.54545454,3,448,48.7012987,24.331692,13.21,-0.91
81,3333,N4,dun,14.9,12.6,5.5,2.8,2.4,7.3,1.182539683,13.93474227,4,497,42.05656619,21.36288,13.21,-0.61
81,3333,N5,dun,13.4,10.1,4.4,2.6,1.2,6.4,1.326732673,11.74688019,5,474,37.17367149,12.88056,13.21,-3.11
81,3333,N6,dun,13.2,11.1,4.3,3.2,1.8,7,1.189189189,12.84436834,6,480,40.13865108,21.174384,13.21,-2.11
81,3333,N7,dun,13.5,12.5,4,4,1.7,5.7,1.08,13.00440986,7,423,46.11492858,29.672412,13.21,-0.71
81,3333,N8,dun,15,15.6,3.8,4,2.1,6.3,0.961538462,13.57925493,8,431,47.25958793,32.060028,13.21,2.39
81,3333,N9,dun,14.2,12.6,4.9,2.9,1.7,8.4,1.126984127,14.0209808,9,457,46.02072472,17.75004,13.21,-0.61
82,1667,N1,dun,17,17.3,3.3,4.4,2.8,6.8,0.98265896,12.99765632,1,463,42.10903775,42.72576,14.255,3.045
82,1667,N10,dun,15.2,14,3.8,3,2.7,5.3,1.085714286,13.15807954,10,437,45.16503276,25.588332,14.255,-0.255
82,1667,N11,dun,15.5,15.6,5,4.2,2,7.5,0.993589744,10.69393337,11,418,38.37535898,33.992112,14.255,1.345
82,1667,N12,dun,14.2,13.1,4.4,2.8,2.3,6.5,1.083969466,10.56053841,12,422,37.53745882,20.624604,14.255,-1.155
82,1667,N13,dun,17.3,18,4.5,5.2,3.5,6.6,0.961111111,12.30490433,13,425,43.42907412,61.716732,14.255,3.745
82,1667,N14,dun,14.4,13.2,3.9,4.2,2.8,5.9,1.090909091,9.807366719,14,388,37.91507752,40.023984,14.255,-1.055
82,1667,N15,dun,15.8,15.3,5,3.5,2.5,6.3,1.032679739,11.97911519,15,420,42.78255423,29.0598,14.255,1.045
82,1667,N16,dun,15.4,14.5,4.5,3.2,2.6,6.3,1.062068966,10.51975509,16,436,36.19181796,26.7036,14.255,0.245
82,1667,N17,dun,14,13.3,4.5,3.5,2.5,6.7,1.052631579,11.0185449,17,450,36.728483,29.0598,14.255,-0.955
82,1667,N18,dun,16.1,15.3,3,3.6,2.5,7.1,1.052287582,11.32315134,18,443,38.34024155,30.175068,14.255,1.045
82,1667,N19,dun,14.8,12.3,4.7,3.3,2.2,6.1,1.203252033,14.36907128,19,462,46.65282884,24.708684,14.255,-1.955
82,1667,N2,dun,15,15,3.8,3.5,3.2,7.3,1,10.42697759,2,369,42.38608775,35.327292,14.255,0.745
82,1667,N20,dun,13.8,11.9,5,2.8,1.9,6.3,1.159663866,12.73176991,20,418,45.68816955,17.98566,14.255,-2.355
82,1667,N3,dun,15.4,14.9,4.6,3.3,2.5,7.2,1.033557047,10.80052482,3,449,36.08193146,26.923512,14.255,0.645
82,1667,N4,dun,14.8,14,1.8,3.6,2.2,6.5,1.057142857,11.67079361,4,432,40.52358892,27.96024,14.255,-0.255
82,1667,N5,dun,15.3,13.2,4.1,3,2.1,8.5,1.159090909,14.70440607,5,445,49.56541373,21.064428,14.255,-1.055
82,1667,N6,dun,15.2,12.6,5.2,3.5,1.8,7.7,1.206349206,13.59762389,6,456,44.72902596,24.331692,14.255,-1.655
82,1667,N7,dun,14.3,12.5,3.1,3.5,2.4,7.3,1.144,11.87338986,7,445,40.02266245,28.290108,14.255,-1.755
82,1667,N8,dun,13.7,13.8,5.3,3.5,3.3,7.3,0.992753623,11.76165846,8,390,45.23714792,36.348312,14.255,-0.455
82,1667,N9,dun,14.5,15.3,2.8,4.5,3.5,4.6,0.947712418,10.97508257,9,444,37.07798165,51.051,14.255,1.045
83,714,N1,dun,12.8,11.6,1.6,4,3.6,3.1,1.103448276,10.30112875,1,405,38.1523287,45.490368,15.37,-3.77
83,714,N10,dun,14.6,17.2,1.6,6,6.5,4.1,0.848837209,8.375429529,10,393,31.96728828,122.9151,15.37,1.83
83,714,N11,dun,14.8,13.5,2.2,4.5,3.6,4.3,1.096296296,10.30719359,11,436,35.4605284,52.166268,15.37,-1.87
83,714,N12,dun,14.5,17,3.3,5.5,4.5,6,0.852941176,10.37119907,12,425,36.60423202,79.3254,15.37,1.63
83,714,N13,dun,13.3,15.1,1.5,4,3.5,4.1,0.880794702,7.478674231,13,416,26.96637343,44.3751,15.37,-0.27
83,714,N14,dun,13.8,13.4,4.2,4,4,5,1.029850746,10.71319593,14,434,37.02717488,50.2656,15.37,-1.97
83,714,N15,dun,14.5,15.1,2.4,4.5,4.5,4.6,0.960264901,11.64056583,15,426,40.98790785,63.6174,15.37,-0.27
83,714,N16,dun,14.9,16.1,2.7,4,4,5.3,0.925465839,10.91863417,16,432,37.91192421,50.2656,15.37,0.73
83,714,N17,dun,14.4,16.8,1.7,5,5,4.5,0.857142857,10.69714018,17,439,36.55059289,78.54,15.37,1.43
83,714,N18,dun,14.1,15.7,4,3.8,3.5,5.7,0.898089172,11.22022727,18,442,38.07769436,41.924652,15.37,0.33
83,714,N19,dun,14.9,17.5,3.9,5.2,5,5.2,0.851428571,8.926961735,19,417,32.11137315,81.744432,15.37,2.13
83,714,N2,dun,13.7,15.2,3,4.2,4,4.3,0.901315789,11.12323357,2,403,41.40161377,52.841712,15.37,-0.17
83,714,N20,dun,16.1,17.5,0.3,3.5,4.5,4.5,0.92,8.833386542,20,419,31.62310218,51.051,15.37,2.13
83,714,N3,dun,13.6,13,2.8,3.5,3.2,4.6,1.046153846,9.832757949,3,389,37.91551908,35.327292,15.37,-2.37
83,714,N4,dun,15.5,16.6,4,5,4.5,5,0.93373494,10.70034844,4,412,38.95757929,71.0787,15.37,1.23
83,714,N5,dun,14.4,13.2,2.6,4.9,4.2,5.3,1.090909091,10.62692194,5,435,36.6445584,65.42382,15.37,-2.17
83,714,N6,dun,14.4,15.5,0.8,5.1,4.5,3,0.929032258,9.35089424,6,391,35.87299581,72.665208,15.37,0.13
83,714,N7,dun,14.7,14.2,2.6,3.5,3.3,5.7,1.035211268,14.52513257,7,462,47.15952133,36.348312,15.37,-1.17
83,714,N8,dun,13.3,15.9,3.2,5,4.2,4.4,0.836477987,9.770863776,8,497,29.4895285,66.978912,15.37,0.53
83,714,N9,dun,15.8,17.3,3,5.5,6,4.7,0.913294798,9.701236235,9,440,33.07239626,104.0655,15.37,1.93
84,1000,N1,dun,14.6,14.7,3.1,3.7,3,5.8,0.993197279,12.06702097,1,437,41.41998046,35.641452,14.755,-0.055
84,1000,N10,dun,15.7,14.7,3.3,3.5,3,7.4,1.068027211,11.82850703,10,423,41.94506039,33.3795,14.755,-0.055
84,1000,N11,dun,16.1,19.4,4.3,5.2,4.5,7,0.829896907,8.28068686,11,361,34.40728612,74.283132,14.755,4.645
84,1000,N12,dun,16.3,15,3.9,3.6,3,7.3,1.086666667,13.52437083,12,430,47.17803777,34.494768,14.755,0.245
84,1000,N13,dun,15.3,14.5,4.4,3.5,3,7,1.055172414,15.02946334,13,443,50.88983074,33.3795,14.755,-0.255
84,1000,N14,dun,15,16.1,3.2,4.5,4,6.4,0.931677019,10.36245586,14,376,41.33958454,56.9415,14.755,1.345
84,1000,N15,dun,16.3,15.3,2.2,4,2.8,6.9,1.065359477,12.64828992,15,440,43.11917018,37.447872,14.755,0.545
84,1000,N16,dun,14.4,15,4.4,4,3.2,6.5,0.96,9.275331767,16,370,37.60269635,41.217792,14.755,0.245
84,1000,N17,dun,15.6,15.8,5,4.2,3,7.2,0.987341772,10.90211456,17,373,43.84228376,41.846112,14.755,1.045
84,1000,N18,dun,14.4,16.3,1.2,4.5,3.5,7.1,0.883435583,9.35089424,18,410,34.21058868,51.051,14.755,1.545
84,1000,N19,dun,15,12.4,2.9,3.1,2.5,8.5,1.209677419,12.30886248,19,413,44.70531167,24.912888,14.755,-2.355
84,1000,N2,dun,14.5,13.8,4.5,3.5,2.9,6.9,1.050724638,14.04025362,2,443,47.54036213,32.452728,14.755,-0.955
84,1000,N20,dun,14,12.5,2.9,4,2.7,7,1.12,12.09782382,20,445,40.77918143,36.583932,14.755,-2.255
84,1000,N3,dun,15.9,15.6,5,3.8,3.7,7.3,1.019230769,11.5464718,3,442,39.18485904,44.186604,14.755,0.845
84,1000,N4,dun,14.8,16.5,3,4.5,2.9,7.3,0.896969697,10.63645637,4,377,42.32011818,45.019128,14.755,1.745
84,1000,N5,dun,14.7,14.7,3.3,4.2,3,5.8,1,11.05889352,5,411,40.36092525,41.846112,14.755,-0.055
84,1000,N6,dun,13,13.2,1.7,4.2,3.2,4.7,0.984848485,7.365858155,6,371,29.78109766,43.793904,14.755,-1.555
84,1000,N7,dun,14.6,12.4,3.4,4,2.8,6.6,1.177419355,12.54989192,7,477,39.46506894,37.447872,14.755,-2.355
84,1000,N8,dun,14.6,12.3,5.2,3.3,2.8,7.8,1.18699187,10.95178621,8,420,39.11352219,29.421084,14.755,-2.455
84,1000,N9,dun,13.8,14.9,3.6,3.8,2.5,6.3,0.926174497,11.18813675,9,411,40.83261588,32.499852,14.755,0.145
85,714,N1,dun,10.8,12.4,3,3.5,3,4.1,0.870967742,9.01422861,1,400,33.80335729,33.3795,15.95,-3.55
85,714,N10,dun,12.1,12.2,2.1,4,4.5,2.8,0.991803279,8.695422749,10,380,34.32403717,56.9415,15.95,-3.75
85,714,N11,dun,13.6,13.2,2.5,3.5,3.5,4.1,1.03030303,10.94514374,11,447,36.72867028,38.4846,15.95,-2.75
85,714,N12,dun,14.8,18.7,0.2,5.5,5.5,3,0.79144385,11.76905805,12,420,42.03235019,95.0334,15.95,2.75
85,714,N13,dun,13.2,14.6,3.3,4.5,4.4,4.7,0.904109589,11.34413957,13,424,40.13256923,62.219388,15.95,-1.35
85,714,N14,dun,15,18.7,2.5,5.5,4.5,3.9,0.802139037,8.553781273,14,388,33.06874203,79.3254,15.95,2.75
85,714,N15,dun,13.8,16.6,1.3,5.5,4.5,3,0.831325301,9.311695397,15,462,30.23277726,79.3254,15.95,0.65
85,714,N16,dun,16.5,24.5,1.9,6,6.5,3.7,0.673469388,9.386573534,16,360,39.11072306,122.9151,15.95,8.55
85,714,N17,dun,16.1,19,2.8,5,5.5,3.8,0.847368421,12.47280557,17,423,44.22980698,86.7867,15.95,3.05
85,714,N18,dun,15.3,17.3,3,5,4.5,4.4,0.884393064,11.90345382,18,433,41.23598322,71.0787,15.95,1.35
85,714,N19,dun,12.2,12.5,1.9,3.5,3,3.2,0.976,7.697377814,19,446,25.88804197,33.3795,15.95,-3.45
85,714,N2,dun,13.7,15.7,1.8,5,5.5,4,0.872611465,10.40804167,2,428,36.47678155,86.7867,15.95,-0.25
85,714,N20,dun,15,16.4,2.3,4.2,4.5,3.6,0.914634146,12.12100343,20,486,37.41050442,59.517612,15.95,0.45
85,714,N3,dun,14.8,16.5,2.1,4.6,5,3.3,0.896969697,11.78758763,3,420,42.09852724,72.508128,15.95,0.55
85,714,N4,dun,13,12.2,3,4.2,3.4,4.2,1.06557377,9.762468962,4,428,34.21426038,45.86736,15.95,-3.75
85,714,N5,dun,15.8,17,1.9,6,5.5,3.8,0.929411765,9.861086249,5,373,39.65584282,104.0655,15.95,1.05
85,714,N6,dun,14.9,17.3,2.2,5.5,4.2,3.7,0.861271676,14.51136691,6,433,50.27032416,75.225612,15.95,1.35
85,714,N7,dun,13,14.5,2.3,4.6,4.2,3.4,0.896551724,9.838413835,7,416,35.47504989,60.94704,15.95,-1.45
85,714,N8,dun,13.6,15.1,2,4.5,4.5,3.3,0.900662252,11.12663544,8,400,41.72488289,63.6174,15.95,-0.85
85,714,N9,dun,13.8,14.6,2.5,4.2,4.5,2.5,0.945205479,10.86168242,9,411,39.6411767,59.517612,15.95,-1.35
87,3333,N1,dun,16.1,14.2,5,3.2,2.2,9.8,1.133802817,12.4124485,1,433,42.99924424,23.687664,13.62,0.58
87,3333,N10,dun,15.5,13,4.8,4,2,8.7,1.192307692,13.42461052,10,429,46.93919762,31.416,13.62,-0.62
87,3333,N11,dun,15.8,11.9,7.7,3.2,1.5,7.8,1.327731092,11.02861132,11,361,45.82525481,19.619292,13.62,-1.72
87,3333,N12,dun,15.8,12.5,4.6,3.2,2.1,7,1.264,12.73950824,12,470,40.65800501,23.01222,13.62,-1.12
87,3333,N13,dun,15.2,11.7,5.2,3.2,1.9,7.9,1.299145299,11.33363816,13,497,34.20615139,21.75558,13.62,-1.92
87,3333,N14,dun,15.3,14.1,5.1,3.3,2.5,8.1,1.085106383,12.47280557,14,391,47.84963773,26.923512,13.62,0.48
87,3333,N15,dun,15.2,12.6,8.1,3,2.2,8.9,1.206349206,13.11443029,15,407,48.33328116,21.739872,13.62,-1.02
87,3333,N16,dun,16.4,15.1,4.6,4.5,3.2,7.4,1.086092715,14.58112077,16,428,51.10205876,47.893692,13.62,1.48
87,3333,N17,dun,16.4,16,4.4,5,3.2,8.1,1.025,12.91641448,17,444,43.6365354,55.354992,13.62,2.38
87,3333,N18,dun,15.5,13.5,8.5,2.6,2,9.3,1.148148148,12.84858965,18,385,50.0594402,16.901808,13.62,-0.12
87,3333,N19,dun,15.9,14.2,6.4,3.6,1.8,7.7,1.11971831,12.72284985,19,440,43.37335175,25.44696,13.62,0.58
87,3333,N2,dun,15.4,14.7,4.8,4,1.8,7.5,1.047619048,12.01830796,2,436,41.34738975,30.222192,13.62,1.08
87,3333,N20,dun,16,12,3.4,2.9,1.4,9.1,1.333333333,12.28119547,20,449,41.02849265,16.289196,13.62,-1.62
87,3333,N3,dun,16,12.1,6,3.2,2,8.1,1.32231405,13.95383749,3,466,44.91578591,22.368192,13.62,-1.52
87,3333,N4,dun,17,15.1,5.4,3.6,2.5,8,1.125827815,11.91852864,4,397,45.03222409,30.175068,13.62,1.48
87,3333,N5,dun,16.4,13.4,5.7,2.5,1.9,8.2,1.223880597,13.35722364,5,419,47.81822305,15.488088,13.62,-0.22
87,3333,N6,dun,16.9,15.7,5.2,3.6,3.2,7.7,1.076433121,12.2890908,6,452,40.78238096,36.44256,13.62,2.08
87,3333,N7,dun,15.9,13.1,5.1,3,2.4,9,1.213740458,14.25490345,7,449,47.62217187,23.185008,13.62,-0.52
87,3333,N8,dun,17.3,14.1,3.7,4.5,1.3,9,1.226950355,14.91338418,8,455,49.16500279,34.463352,13.62,0.48
87,3333,N9,dun,15.2,13.4,7.4,3.2,2.7,8.7,1.134328358,13.66684049,9,438,46.80424826,27.536124,13.62,-0.22
102,3333,N1,dun,13.9,15.8,5.5,4.5,2.5,7.6,0.879746835,10.37119907,1,445,34.95909799,41.6262,13.205,2.595
102,3333,N10,dun,14,12.4,3.8,3,1.8,6.7,1.129032258,14.96632479,10,461,48.69736917,19.226592,13.205,-0.805
102,3333,N11,dun,15.2,12.4,4.8,3.2,1.8,7.3,1.225806452,14.03198898,11,421,49.99521015,21.174384,13.205,-0.805
102,3333,N12,dun,15.3,14.3,4.2,3.5,2.5,6.6,1.06993007,12.72284985,12,435,43.87189602,29.0598,13.205,1.095
102,3333,N13,dun,14.8,12.7,4,3.2,2,7.6,1.165354331,12.37644432,13,401,46.29592639,22.368192,13.205,-0.505
102,3333,N14,dun,14,11.1,6.4,3,2.2,7.5,1.261261261,11.15390658,14,374,44.73491945,21.739872,13.205,-2.105
102,3333,N15,dun,15.2,14.2,6.3,3.7,2.5,7.4,1.070422535,11.171002,15,403,41.5794119,31.321752,13.205,0.995
102,3333,N16,dun,14.1,13.2,3,3.3,2.1,6.1,1.068181818,10.89551722,16,418,39.09874602,24.03324,13.205,-0.005
102,3333,N17,dun,13.7,12.7,3.1,2.7,1.9,6.7,1.078740157,11.55006967,17,401,43.20474938,17.12172,13.205,-0.505
102,3333,N18,dun,13.4,11.5,4.2,3.1,1.4,7.5,1.165217391,10.48543036,18,486,32.36243939,18.174156,13.205,-1.705
102,3333,N19,dun,13.5,12.6,5.2,2.8,1.8,6.4,1.071428571,10.85605861,19,427,38.13603727,17.404464,13.205,-0.605
102,3333,N2,dun,13.4,13.1,4.6,3.2,2.5,6.7,1.022900763,12.89091737,2,604,32.01386764,25.902492,13.205,-0.105
102,3333,N20,dun,15.5,14.3,4.2,3.6,2.8,7.5,1.083916084,12.61536239,20,433,43.70217919,32.67264,13.205,1.095
102,3333,N3,dun,14.4,14.7,3.4,3.5,2.5,6,0.979591837,12.69377618,3,430,44.28061457,29.0598,13.205,1.495
102,3333,N4,dun,13.5,12.5,5.2,3.3,2.3,7,1.08,10.52601405,4,392,40.278115,25.415544,13.205,-0.705
102,3333,N5,dun,14.1,13.3,5.9,3.5,1.6,7.3,1.060150376,10.84622745,5,394,41.29274409,23.263548,13.205,0.095
102,3333,N6,dun,14.8,12.7,6,2.8,2.3,7.4,1.165354331,13.69003018,6,414,49.60155862,20.624604,13.205,-0.505
102,3333,N7,dun,15.5,15.9,2,3.5,2.6,7.4,0.974842767,10.28901512,7,376,41.04660287,29.860908,13.205,2.695
102,3333,N8,dun,13.3,12,4.6,2.8,1.5,7,1.108333333,11.12323357,8,403,41.40161377,15.849372,13.205,-1.205
102,3333,N9,dun,13.3,12.7,3.5,3.2,1.8,6,1.047244094,11.39686615,9,421,40.60641146,21.174384,13.205,-0.505
26,714,N1,pil,15.4,16.1,2.2,3.8,3,7.6,0.956521739,10.46884852,1,434,36.18265616,36.819552,17.05,-0.95
26,714,N10,pil,17.4,19,2.2,5.8,5.5,9.7,0.915789474,10.98413586,10,466,35.3566605,100.358412,17.05,1.95
26,714,N11,pil,17.6,18.9,5.6,5,4.5,8,0.931216931,12.07342853,11,430,42.11661114,71.0787,17.05,1.85
26,714,N12,pil,16.7,18.5,7.4,5.3,3.5,8.5,0.902702703,13.58646687,12,472,43.17733114,63.366072,17.05,1.45
26,714,N13,pil,18.1,17.6,8,3.5,3.2,9.9,1.028409091,13.4652877,13,463,43.62404223,35.327292,17.05,0.55
26,714,N14,pil,17.4,18.6,8.2,4,3.6,9.8,0.935483871,12.54348929,14,426,44.16721582,45.490368,17.05,1.55
26,714,N15,pil,18.5,21.1,5.8,5.5,4.5,9,0.876777251,13.74125569,15,542,38.02930542,79.3254,17.05,4.05
26,714,N16,pil,16.3,18,8.1,3.5,3.3,9.1,0.905555556,10.67472271,16,437,36.64092463,36.348312,17.05,0.95
26,714,N17,pil,17,19,7.2,4,4.5,7.9,0.894736842,12.11382168,17,537,33.83749072,56.9415,17.05,1.95
26,714,N18,pil,17.4,17.9,8.9,4,3.5,9.8,0.972067039,10.44596523,18,415,37.75650083,44.3751,17.05,0.85
26,714,N19,pil,15.6,15.2,8.3,2.8,3,10,1.026315789,12.6177101,19,426,44.42855668,26.452272,17.05,-1.85
26,714,N2,pil,15.8,19.1,2.7,4.5,3.5,8.5,0.827225131,13.0883449,2,469,41.86037814,51.051,17.05,2.05
26,714,N20,pil,17,17.3,7.7,3.5,3.4,9.3,0.98265896,12.10113112,20,457,39.71924877,37.400748,17.05,0.25
26,714,N3,pil,14.3,15.8,6.4,3.3,3,8.4,0.905063291,10.31933934,3,413,37.47944072,31.243212,17.05,-1.25
26,714,N4,pil,13.1,12.8,5.5,3.2,4,6.6,1.0234375,10.84716317,4,432,37.66376101,41.217792,17.05,-4.25
26,714,N5,pil,10.3,12,4.5,2.8,2.6,6.6,0.858333333,9.703083299,5,449,32.41564576,22.93368,17.05,-5.05
26,714,N6,pil,15,16.3,5.8,4,5.5,7.8,0.920245399,10.17329355,6,398,38.34155861,72.6495,17.05,-0.75
26,714,N7,pil,15.4,19.8,4.4,4.5,5,6.2,0.777777778,13.75527619,7,485,42.5420913,71.0787,17.05,2.75
26,714,N8,pil,14.2,12.3,6.7,2.8,2.6,8.7,1.154471545,12.26936672,8,482,38.18267651,22.93368,17.05,-4.75
26,714,N9,pil,14.1,15.7,1.9,3.6,3.3,7.8,0.898089172,10.29723275,9,408,37.85747335,37.46358,17.05,-1.35
27,1667,N1,pil,16.7,13.2,9.6,2.7,2.2,11.4,1.265151515,11.5897575,1,410,42.40155183,19.053804,15.855,-2.655
27,1667,N10,pil,17.7,15.3,6.8,3.3,2.6,10.4,1.156862745,13.9109283,10,435,47.96871829,27.72462,15.855,-0.555
27,1667,N11,pil,15.5,14.2,7.2,3.2,2.7,8.9,1.091549296,13.77802157,11,410,50.40739598,27.536124,15.855,-1.655
27,1667,N12,pil,17.9,18,7.2,5,4.8,9.1,0.994444444,13.05430299,12,425,46.07401055,75.461232,15.855,2.145
27,1667,N13,pil,19.1,18.5,7.9,3.5,2.8,10.8,1.032432432,13.83513248,13,427,48.60116796,31.557372,15.855,2.645
27,1667,N14,pil,17.3,16.5,8.3,3.3,3.2,9.4,1.048484848,14.15672947,14,453,46.87658766,33.191004,15.855,0.645
27,1667,N15,pil,16.4,13.9,9.9,3.6,2.5,11,1.179856115,12.34854926,15,386,47.9865904,30.175068,15.855,-1.955
27,1667,N16,pil,16.8,16.4,8.4,4,3,9.9,1.024390244,12.97191839,16,437,44.52603568,39.27,15.855,0.545
27,1667,N17,pil,17.5,15.1,10.6,3.1,2.4,11.4,1.158940397,13.61734631,17,392,52.1071925,24.143196,15.855,-0.755
27,1667,N18,pil,18.1,15.8,8.9,3,2.3,10.1,1.14556962,13.55634603,18,457,44.4956653,22.446732,15.855,-0.055
27,1667,N19,pil,17.4,17.6,9.1,4.3,2.8,9.8,0.988636364,12.42850082,19,407,45.80528556,41.359164,15.855,1.745
27,1667,N2,pil,18.2,15.4,9.9,3.6,2.6,10.4,1.181818182,12.51386827,2,445,42.18157845,30.976176,15.855,-0.455
27,1667,N20,pil,17,15,9.2,2.9,2.4,11.4,1.133333333,15.64122776,20,497,47.20692482,22.258236,15.855,-0.855
27,1667,N3,pil,20,19.9,11.5,4,3.5,12.8,1.005025126,13.67610929,3,456,44.98720162,44.3751,15.855,4.045
27,1667,N4,pil,18.4,17.4,6.1,4,2.8,7.3,1.057471264,16.39843377,4,469,52.44701633,37.447872,15.855,1.545
27,1667,N5,pil,17.7,16.1,9.3,3.2,2.5,11,1.099378882,14.127475,5,491,43.15929228,25.902492,15.855,0.245
27,1667,N6,pil,15.5,12.2,8.3,2.8,2.2,9.5,1.270491803,12.77292332,6,422,45.40138622,19.917744,15.855,-3.655
27,1667,N7,pil,16.6,14.4,8.3,2.8,3.2,9.7,1.152777778,14.02579528,7,424,49.61955877,28.400064,15.855,-1.455
27,1667,N8,pil,17.5,16.2,9.2,3.5,2.6,10.5,1.080246914,15.84162582,8,530,44.83479006,29.860908,15.855,0.345
27,1667,N9,pil,17.1,16,9.1,5.8,3.5,10.4,1.06875,17.69515333,9,493,53.83920892,72.084012,15.855,0.145
28,1000,N1,pil,18.5,18.4,9.4,3.8,3,10.7,1.005434783,11.99651049,1,437,41.17795363,36.819552,16.625,1.775
28,1000,N10,pil,15.7,16.3,6.5,3.8,3,8.4,0.963190184,17.02461364,10,575,44.4120356,36.819552,16.625,-0.325
28,1000,N11,pil,15.5,15.9,7,4,2.7,8.6,0.974842767,14.47956356,11,479,45.34310092,36.583932,16.625,-0.725
28,1000,N12,pil,16.1,14.8,7.8,3.8,2.7,9.5,1.087837838,12.56621168,12,399,47.24139729,34.133484,16.625,-1.825
28,1000,N13,pil,17.7,16.2,8.4,3.6,2.9,10.4,1.092592593,12.82750392,13,437,44.03033382,33.567996,16.625,-0.425
28,1000,N14,pil,15.7,14.1,6.9,2.8,2.4,8.6,1.113475177,14.30933504,14,444,48.34234811,21.36288,16.625,-2.525
28,1000,N15,pil,16,16.7,6.7,3.2,3.3,8.6,0.958083832,12.80226949,15,445,43.15371738,33.191004,16.625,0.075
28,1000,N16,pil,16.2,18.5,2.7,4.5,3.2,8.6,0.875675676,11.82264837,16,576,30.78814679,47.893692,16.625,1.875
28,1000,N17,pil,15.4,15.1,7,3.5,3.3,8.9,1.01986755,15.8672565,17,568,41.90296611,36.348312,16.625,-1.525
28,1000,N18,pil,16,19.2,5.5,5.5,4.5,8.7,0.833333333,13.18625497,18,502,39.40116026,79.3254,16.625,2.575
28,1000,N19,pil,15.8,14.8,6.1,4,3.5,8.5,1.067567568,15.19721276,19,495,46.05215987,44.3751,16.625,-1.825
28,1000,N2,pil,18.2,16.7,9.1,3.2,2.8,10.7,1.089820359,11.29674922,2,409,41.43062061,28.400064,16.625,0.075
28,1000,N20,pil,16.7,17.5,7,3.1,2.6,7.9,0.954285714,11.63744553,20,415,42.06305612,25.713996,16.625,0.875
28,1000,N3,pil,16.8,17.7,3.9,3.5,3.5,9,0.949152542,11.66244316,3,409,42.77179644,38.4846,16.625,1.075
28,1000,N4,pil,17.4,17.4,8.6,3,2.8,10.1,1,11.98672097,4,482,37.30307357,26.452272,16.625,0.775
28,1000,N5,pil,16.3,14.3,4.7,3.2,2.8,8.1,1.13986014,13.07533138,5,459,42.72984113,28.400064,16.625,-2.325
28,1000,N6,pil,17.5,17.8,8.7,4,2.9,10.4,0.983146067,12.34059657,6,497,37.24526127,38.343228,16.625,1.175
28,1000,N7,pil,17.8,18.7,9,3.2,2.8,10.1,0.951871658,14.59644646,7,429,51.03652608,28.400064,16.625,2.075
28,1000,N8,pil,17.5,16.1,10.4,3.5,2.7,10.9,1.086956522,14.97694675,8,495,45.38468711,30.693432,16.625,-0.525
28,1000,N9,pil,17.1,16.3,8.4,3.5,3,10,1.049079755,11.62238171,9,430,40.543192,33.3795,16.625,-0.325
29,1000,N1,pil,15.3,15.5,7.9,3.2,2.6,9.2,0.987096774,11.72476495,1,471,37.34001577,26.7036,15.555,-0.055
29,1000,N10,pil,15.8,16.7,5.4,3.3,2.8,8.4,0.946107784,13.75060031,10,477,43.24088147,29.421084,15.555,1.145
29,1000,N11,pil,16,17.9,4.4,6,4,8.2,0.893854749,11.83223754,11,443,40.06400973,81.6816,15.555,2.345
29,1000,N12,pil,15.9,14.5,8.2,3.8,3,9.1,1.096551724,16.11430522,12,564,42.85719473,36.819552,15.555,-1.055
29,1000,N13,pil,14.7,13.1,8.2,3.8,2.7,9.8,1.122137405,13.92520935,13,427,48.91759725,34.133484,15.555,-2.455
29,1000,N14,pil,15.8,15.7,2.5,4,3.8,9.7,1.006369427,14.21551168,14,490,43.5168725,47.815152,15.555,0.145
29,1000,N15,pil,15.8,17.2,4.9,3.8,3.2,7.2,0.918604651,11.91475726,15,436,40.99113735,38.767344,15.555,1.645
29,1000,N16,pil,15.5,12.8,5.8,3,2.7,7.3,1.2109375,13.69932258,16,438,46.91548829,25.588332,15.555,-2.755
29,1000,N17,pil,15.4,17,4.8,3.6,3.6,8,0.905882353,12.17924473,17,443,41.23897765,40.715136,15.555,1.445
29,1000,N18,pil,14.9,15.7,5.4,4.6,4,9.3,0.949044586,13.89666922,18,442,47.16064216,58.370928,15.555,0.145
29,1000,N19,pil,16.4,15.6,6.8,3.5,3.2,8.6,1.051282051,13.69932258,19,451,45.56315714,35.327292,15.555,0.045
29,1000,N2,pil,16.3,13.5,5.9,3.6,2.5,7.6,1.207407407,13.69268419,2,488,42.0881686,30.175068,15.555,-2.055
29,1000,N20,pil,15.6,17,4.8,4.2,4.3,7.6,0.917647059,14.83449839,20,472,47.14353302,56.753004,15.555,1.445
29,1000,N3,pil,14.5,14.1,6.2,3.8,3.2,8.2,1.028368794,10.3511062,3,464,33.46262781,38.767344,15.555,-1.455
29,1000,N4,pil,13.3,13.1,1.5,4,3.6,7,1.015267176,11.40039432,4,454,37.66650106,45.490368,15.555,-2.455
29,1000,N5,pil,15.8,16.5,5.8,3.8,3.8,7.8,0.957575758,13.47435218,5,440,45.93529154,45.364704,15.555,0.945
29,1000,N6,pil,16,16,6.1,3.6,2.7,8.3,1,14.54037005,6,453,48.1469207,31.8087,15.555,0.445
29,1000,N7,pil,16.1,15.6,8.7,2.9,2.4,9.8,1.032051282,14.99822459,7,514,43.76913791,22.258236,15.555,0.045
29,1000,N8,pil,16,15.2,9.6,3.2,2.9,10.3,1.052631579,13.31258054,8,452,44.17891771,29.29542,15.555,-0.355
29,1000,N9,pil,15.6,18.4,7.4,4,3.5,9,0.847826087,12.56621168,9,455,41.42707147,44.3751,15.555,2.845
30,1000,N1,pil,15.8,14.8,6.9,3,2.5,8,1.067567568,13.07780865,1,442,44.38170356,23.9547,14.405,0.395
30,1000,N10,pil,15.2,17.3,2.4,5.5,4.5,6.6,0.878612717,15.17009183,10,505,45.0596787,79.3254,14.405,2.895
30,1000,N11,pil,14.6,16,6.1,4.3,4,8.2,0.9125,13.02059883,11,466,41.91179881,54.176892,14.405,1.595
30,1000,N12,pil,14.5,15,5.1,3.6,3.3,7.3,0.966666667,12.64004596,12,444,42.70285799,37.46358,14.405,0.595
30,1000,N13,pil,12.5,12.3,4.8,3.2,2.9,5.9,1.016260163,13.37514377,13,411,48.81439332,29.29542,14.405,-2.105
30,1000,N14,pil,12.3,10.2,5.5,2.3,1.8,6.5,1.205882353,14.03543169,14,444,47.41699894,13.398924,14.405,-4.205
30,1000,N15,pil,15.5,18.1,7.2,4,2.9,8.7,0.856353591,14.75104146,15,453,48.84450816,38.343228,14.405,3.695
30,1000,N16,pil,15.5,12.5,7.2,3.2,2.4,8.5,1.24,15.93452136,16,461,51.84768337,25.1328,14.405,-1.905
30,1000,N17,pil,15.1,17.8,5.6,4,2.7,6.8,0.848314607,13.57008441,17,433,47.00953028,36.583932,14.405,3.395
30,1000,N18,pil,13.6,13,2.9,2.7,2.8,7.6,1.046153846,14.88175453,18,453,49.27733287,23.766204,14.405,-1.405
30,1000,N19,pil,14.2,13,5.7,2.7,2.5,7.7,1.092307692,15.0623309,19,429,52.66549267,21.268632,14.405,-1.405
30,1000,N2,pil,14.9,13.4,7.4,3.3,2.8,8.4,1.111940299,15.01954781,2,453,49.73360202,29.421084,14.405,-1.005
30,1000,N20,pil,14.8,15.6,5,4.6,3,7.6,0.948717949,14.09345925,20,445,47.50604243,47.375328,14.405,1.195
30,1000,N3,pil,14.9,17,6.8,4,3.3,6.8,0.876470588,14.37121163,3,438,49.21647819,42.238812,14.405,2.595
30,1000,N4,pil,13.4,12.5,7,3,2.8,7.9,1.072,13.81628032,4,410,50.54736703,26.452272,14.405,-1.905
30,1000,N5,pil,12.8,12.5,4.5,2.7,2.7,6.7,1.024,13.13186388,5,415,47.46456825,22.902264,14.405,-1.905
30,1000,N6,pil,14.1,15.4,4.5,3,3,7.6,0.915584416,13.83513248,6,458,45.31156925,28.2744,14.405,0.995
30,1000,N7,pil,15.5,15,6.2,3.6,3,9.1,1.033333333,14.2796065,7,480,44.62377032,34.494768,14.405,0.595
30,1000,N8,pil,14.4,15.2,5.2,3.3,2.8,6.9,0.947368421,15.99886183,8,469,51.16906769,29.421084,14.405,0.795
30,1000,N9,pil,11.8,11.5,4.7,3,2.5,6.7,1.026086957,10.29204152,9,395,39.08370198,23.9547,14.405,-2.905
31,3333,N1,pil,13.1,12.3,5.9,2.8,2,7,1.06504065,12.00958184,1,444,40.57291163,18.598272,13.685,-1.385
31,3333,N10,pil,13.7,11.8,7.5,3.2,1.8,7.5,1.161016949,14.04990493,10,398,52.95190301,21.174384,13.685,-1.885
31,3333,N11,pil,13.9,11.9,7.3,2,2,8.1,1.168067227,17.6883311,11,423,62.72457837,12.5664,13.685,-1.785
31,3333,N12,pil,12.9,10.2,7.9,2.4,1.7,8.6,1.264705882,13.41559618,12,401,50.18302809,13.58742,13.685,-3.485
31,3333,N13,pil,14.4,15,4.8,3.2,2.2,7.8,0.96,16.0694969,13,493,48.89299259,23.687664,13.685,1.315
31,3333,N14,pil,14.2,13.7,5.8,3.5,2.5,8,1.03649635,11.60216955,14,518,33.59701608,29.0598,13.685,0.015
31,3333,N15,pil,12.4,13,5.1,2.5,2.5,7.8,0.953846154,12.11382168,15,441,41.2034751,19.635,13.685,-0.685
31,3333,N16,pil,15.8,16,8.2,6.5,4,8.2,0.9875,15.80699932,16,450,52.68999773,91.4991,13.685,2.315
31,3333,N17,pil,15.1,14.7,6.5,3.2,3,8.4,1.027210884,12.86549569,17,441,43.76018942,30.222192,13.685,1.015
31,3333,N18,pil,14.8,13.3,8.3,3.2,2.3,8.3,1.112781955,13.20194709,18,439,45.10915864,24.394524,13.685,-0.385
31,3333,N19,pil,15.7,16.1,9.1,3.3,4,10.2,0.97515528,13.41109241,19,419,48.01107068,42.238812,13.685,2.415
31,3333,N2,pil,13.5,11.8,7,2.8,2.2,7.9,1.144067797,12.16367274,2,397,45.95846122,19.917744,13.685,-1.885
31,3333,N20,pil,14.9,14.2,7.9,3.6,2.6,9.2,1.049295775,12.1597844,20,497,36.69955051,30.976176,13.685,0.515
31,3333,N3,pil,13.5,13.5,6.3,3.2,2.9,7.3,1,13.69533896,3,421,48.7957445,29.29542,13.685,-0.185
31,3333,N4,pil,14.5,16.6,6.9,5.5,3.5,8,0.873493976,12.43653864,4,460,40.55393035,66.759,13.685,2.915
31,3333,N5,pil,14.1,13.2,6.4,3.5,2.7,7.9,1.068181818,17.07717508,5,442,57.95421408,30.693432,13.685,-0.485
31,3333,N6,pil,14.1,13.9,6.1,2.9,2.4,7.9,1.014388489,11.43222169,6,490,34.99659701,22.258236,13.685,0.215
31,3333,N7,pil,14.2,14.6,4.3,4.3,3,6.4,0.97260274,16.71428154,7,485,51.69365425,43.181292,13.685,0.915
31,3333,N8,pil,13.5,12.7,7.1,3,2.5,8.2,1.062992126,11.86214523,8,438,40.62378503,23.9547,13.685,-0.985
31,3333,N9,pil,15,15.2,5.1,4,2.6,7,0.986842105,13.78807424,9,436,47.43603522,35.751408,13.685,1.515
32,1667,N1,pil,15.2,18.1,7.2,4,4,7.9,0.839779006,12.09396702,1,511,35.50088167,50.2656,16.2,1.9
32,1667,N10,pil,16.5,17.4,7.5,4,2.9,8.5,0.948275862,13.07966706,10,401,48.92643539,38.343228,16.2,1.2
32,1667,N11,pil,14.9,12.8,8.3,3.1,2.5,8.3,1.1640625,12.5702966,11,406,46.44198251,24.912888,16.2,-3.4
32,1667,N12,pil,15.8,15.6,7.2,5,2.7,8.3,1.012820513,14.32423412,12,440,48.83261632,50.721132,16.2,-0.6
32,1667,N13,pil,16.3,12.8,9.1,2,2.1,10.5,1.2734375,16.92295115,13,452,56.16023613,13.210428,16.2,-3.4
32,1667,N14,pil,16.1,18.5,5.5,6,3.2,8.3,0.87027027,14.22042671,14,398,53.59457304,72.633792,16.2,2.3
32,1667,N15,pil,16.4,15,8.7,3.3,2.3,8.7,1.093333333,15.84740796,15,473,50.2560506,25.415544,16.2,-1.2
32,1667,N16,pil,15.5,16.2,7.5,3.2,2.7,8.5,0.956790123,12.56621168,16,454,41.51832053,27.536124,16.2,3.55271E-15
32,1667,N17,pil,14.7,18,3.7,4.2,4.3,7.2,0.816666667,11.42159778,17,427,40.12270881,56.753004,16.2,1.8
32,1667,N18,pil,16,18.5,5.8,4.5,5.5,8.3,0.864864865,12.28514218,18,428,43.05540485,79.3254,16.2,2.3
32,1667,N19,pil,15.9,15,6.2,4,3.8,7.6,1.06,14.57601756,19,457,47.84250841,47.815152,16.2,-1.2
32,1667,N2,pil,15.5,18.2,5.6,4,4.2,7.5,0.851648352,11.14854184,2,408,40.98728618,52.841712,16.2,2
32,1667,N20,pil,16.6,15,7.8,3.3,3,9.3,1.106666667,13.29478595,20,443,45.01620526,31.243212,16.2,-1.2
32,1667,N3,pil,14.8,14,8.7,3.5,2.7,8.7,1.057142857,11.34764328,3,419,40.62402128,30.693432,16.2,-2.2
32,1667,N4,pil,16,20.1,3.5,5.5,4.6,8.1,0.7960199,9.906666827,4,419,35.46539437,80.754828,16.2,3.9
32,1667,N5,pil,16.6,19.4,3.2,5.5,3,8.6,0.855670103,10.85933863,5,431,37.79352192,61.6539,16.2,3.2
32,1667,N6,pil,15.5,12.8,8.2,2.4,2.2,9.1,1.2109375,12.32868192,6,441,41.93429225,16.65048,16.2,-3.4
32,1667,N7,pil,16.7,15.9,8.4,3.5,3.3,9.8,1.050314465,14.1713908,7,398,53.40976431,36.348312,16.2,-0.3
32,1667,N8,pil,15.7,15.4,4.2,3.6,3.2,8.4,1.019480519,11.47130315,8,411,41.86606989,36.44256,16.2,-0.8
32,1667,N9,pil,16.1,15.3,8.7,3.5,1.9,9.7,1.052287582,12.4849298,9,400,46.81848675,24.912888,16.2,-0.9
33,1667,N1,pil,17,16.4,8.6,3.5,3.5,9.6,1.036585366,14.04576744,1,443,47.55903198,38.4846,16.845,-0.445
33,1667,N10,pil,15,14.5,7.7,3.5,3,8.9,1.034482759,13.86821674,10,434,47.93162467,33.3795,16.845,-2.345
33,1667,N11,pil,17.3,18.7,4.8,4,2.8,8.3,0.92513369,14.33417979,11,462,46.53954476,37.447872,16.845,1.855
33,1667,N12,pil,16.2,15.5,7.4,3,2.8,8.4,1.04516129,13.17121682,12,432,45.73339175,26.452272,16.845,-1.345
33,1667,N13,pil,16.6,17.3,5,3.3,2.5,8.6,0.959537572,11.74318997,13,410,42.96289014,26.923512,16.845,0.455
33,1667,N14,pil,17,16,9.3,3,2.6,10.2,1.0625,11.93795266,14,387,46.27113435,24.755808,16.845,-0.845
33,1667,N15,pil,14.1,16.8,6.5,4.5,3.6,7.6,0.839285714,13.04936251,15,425,46.05657357,52.166268,16.845,-0.045
33,1667,N16,pil,17.2,20,5.8,5.3,3,9,0.86,11.87714162,16,414,43.03312183,58.260972,16.845,3.155
33,1667,N17,pil,17,17.6,7.9,3.5,2.7,9.1,0.965909091,11.87714162,17,380,46.88345378,30.693432,16.845,0.755
33,1667,N18,pil,16.6,19.3,6.4,3,3.5,9.2,0.860103627,12.53360394,18,404,46.53565819,33.3795,16.845,2.455
33,1667,N19,pil,17.4,15.8,9.8,3.2,2.7,9.8,1.101265823,14.17768119,19,445,47.78993661,27.536124,16.845,-1.045
33,1667,N2,pil,16.6,15.7,8.9,3.3,2,9.9,1.057324841,13.97297199,2,521,40.22928596,23.389212,16.845,-1.145
33,1667,N20,pil,16,15,6.7,3,3.3,8.2,1.066666667,13.07099786,20,408,48.05513918,31.243212,16.845,-1.845
33,1667,N3,pil,16.7,17.2,8.3,3.5,2.2,8.9,0.970930233,13.89531236,3,453,46.01096807,26.844972,16.845,0.355
33,1667,N4,pil,16.3,16.8,3.6,4,3.3,9.2,0.970238095,13.98734871,4,442,47.46837797,42.238812,16.845,-0.045
33,1667,N5,pil,16.9,17.8,6.2,4.6,4,8.4,0.949438202,11.13003886,5,373,44.7588694,58.370928,16.845,0.955
33,1667,N6,pil,17,20.2,5,4,3.5,8.8,0.841584158,13.03640707,6,447,43.74633244,44.3751,16.845,3.355
33,1667,N7,pil,16.7,17,7.1,4,2.9,8.4,0.982352941,11.92985355,7,413,43.32876592,38.343228,16.845,0.155
33,1667,N8,pil,15.1,16.1,7.6,2.9,2.6,8.4,0.937888199,11.2778762,8,410,41.26052267,23.829036,16.845,-0.745
33,1667,N9,pil,16,13.2,8.9,2.6,1.9,9.6,1.212121212,13.11878543,9,418,47.0769812,16.289196,16.845,-3.645
34,3333,N1,pil,16.5,13.2,10.3,1.8,1.5,11,1.25,13.40659091,1,381,52.78185396,8.623692,15.01,-1.81
34,3333,N10,pil,17.5,16.7,8.5,4,2.8,10,1.047904192,14.76143501,10,479,46.22578813,37.447872,15.01,1.69
34,3333,N11,pil,14.5,12.5,8.1,2.5,2.4,8.5,1.16,13.68538752,11,446,46.02708807,18.865308,15.01,-2.51
34,3333,N12,pil,15.7,14.5,6.9,2.8,2.7,8.2,1.082758621,12.54989192,12,395,47.65781743,23.766204,15.01,-0.51
34,3333,N13,pil,14.5,13.6,7.8,2.3,1.9,8.7,1.066176471,10.42653663,13,424,36.88633241,13.98012,15.01,-1.41
34,3333,N14,pil,14.9,14.9,5,4.3,2.8,7.1,1,13.24161572,14,407,48.80202355,41.359164,15.01,-0.11
34,3333,N15,pil,15.2,14.6,6.2,2.8,1.8,7.1,1.04109589,13.82098975,15,438,47.33215667,17.404464,15.01,-0.41
34,3333,N16,pil,16.2,14.6,7.7,4.5,3,8.6,1.109589041,16.5217545,16,492,50.37120275,45.9459,15.01,-0.41
34,3333,N17,pil,15.3,14.5,8,2.8,1.9,8.2,1.055172414,13.56550263,17,406,50.11885207,17.98566,15.01,-0.51
34,3333,N18,pil,13.6,16.5,6.4,3.5,2.6,7.4,0.824242424,10.88563242,18,445,36.693143,29.860908,15.01,1.49
34,3333,N19,pil,15.3,16.4,3.3,4.5,3.5,8.6,0.932926829,14.51498755,19,458,47.53816884,51.051,15.01,1.39
34,3333,N2,pil,17.9,17.1,8.1,3.7,3.1,9.5,1.046783626,13.89666922,2,441,47.26758239,36.59964,15.01,2.09
34,3333,N20,pil,15.2,17,5,4.3,3.5,6.2,0.894117647,,20,434,,48.286392,15.01,1.99
34,3333,N3,pil,17.6,15.7,7.3,3.8,2.5,9.1,1.121019108,17.10030517,3,469,54.69180758,32.499852,15.01,0.69
34,3333,N4,pil,15.6,14.6,4.2,3,2.3,9.8,1.068493151,14.62204303,4,505,43.43181098,22.446732,15.01,-0.41
34,3333,N5,pil,15,14.9,7.4,2.1,2,8.2,1.006711409,13.21515014,5,441,44.94949028,13.210428,15.01,-0.11
34,3333,N6,pil,15.5,13.4,9.2,2.5,1.7,10,1.156716418,13.37962944,6,396,50.68041456,14.357112,15.01,-1.61
34,3333,N7,pil,15.9,13.4,8.2,3,1.8,9.2,1.186567164,12.92493033,7,476,40.72982248,19.226592,15.01,-1.61
34,3333,N8,pil,16.2,14.5,8.1,2.8,2,8.7,1.117241379,14.30933504,8,441,48.67120762,18.598272,15.01,-0.51
34,3333,N9,pil,16.9,17.6,6,4.5,3.5,9.4,0.960227273,13.26816088,9,440,45.23236664,51.051,15.01,2.59
41,714,N1,pil,14.7,16.5,2.5,4.5,4,7,0.890909091,14.12260807,1,442,47.92740295,56.9415,16.535,-0.035
41,714,N10,pil,15,15.9,6.2,3.2,3,7.8,0.943396226,14.20078185,10,473,45.03419193,30.222192,16.535,-0.635
41,714,N11,pil,11.7,11.5,2.7,3.5,3,5.6,1.017391304,12.30490433,11,442,41.75872511,33.3795,16.535,-5.035
41,714,N12,pil,14.7,16.3,5.1,5.5,5.5,7,0.901840491,12.78548789,12,452,42.42971645,95.0334,16.535,-0.235
41,714,N13,pil,15.4,18.2,5.6,6.2,4.5,8.5,0.846153846,11.43931254,13,427,40.18493867,92.190252,16.535,1.665
41,714,N14,pil,14,16.3,3.9,4.5,5,6.7,0.858895706,12.8626757,14,502,38.43428993,71.0787,16.535,-0.235
41,714,N15,pil,13.4,14.3,4.4,3.5,3.5,7.3,0.937062937,11.66609538,15,480,36.45654807,38.4846,16.535,-2.235
41,714,N16,pil,15.2,19.8,6,5.5,5.5,6.8,0.767676768,15.14844733,16,452,50.271396,95.0334,16.535,3.265
41,714,N17,pil,14.8,18.4,4.4,4.5,4.5,6.1,0.804347826,16.27218935,17,528,46.22781065,63.6174,16.535,1.865
41,714,N18,pil,14.2,14.3,2.2,5,3,7.1,0.993006993,12.08901099,18,422,42.97041821,53.4072,16.535,-2.235
41,714,N19,pil,15.8,20.5,4.6,6.2,6,8.8,0.770731707,13.66684049,19,515,39.80633153,116.930352,16.535,3.965
41,714,N2,pil,15.6,17.9,5.7,5,4,6.9,0.87150838,10.70814595,2,396,40.56115889,64.4028,16.535,1.365
41,714,N20,pil,14.4,16.5,5.2,5,4.5,7.7,0.872727273,11.5464718,20,463,37.40757602,71.0787,16.535,-0.035
41,714,N3,pil,15.7,16.8,3.5,5.5,5,6.9,0.93452381,14.97694675,3,621,36.17619987,86.7867,16.535,0.265
41,714,N4,pil,13.9,15.8,5.5,3.9,4,7.1,0.879746835,12.17534893,4,456,40.05048991,49.024668,16.535,-0.735
41,714,N5,pil,14.8,16,6.1,4,3.5,7.6,0.925,10.68432156,5,403,39.76794625,44.3751,16.535,-0.535
41,714,N6,pil,15.5,17.9,6.6,4.3,6,8.5,0.865921788,10.23476733,6,457,33.59332822,85.592892,16.535,1.365
41,714,N7,pil,13.7,15.3,4.8,4.5,3.8,6.6,0.895424837,10.23776983,7,437,35.14108637,54.491052,16.535,-1.235
41,714,N8,pil,14.3,15.6,4.2,4.5,4.5,6.4,0.916666667,10.07457344,8,416,36.32658694,63.6174,16.535,-0.935
41,714,N9,pil,15.3,16.9,4.2,5.5,5.5,5.9,0.905325444,13.48796608,9,439,46.08644445,95.0334,16.535,0.365
42,3333,N1,pil,14.8,15.8,7.6,3.8,2.7,8.8,0.936708861,12.43653864,1,433,43.08269737,34.133484,14.285,1.515
42,3333,N10,pil,14.8,12.3,9.5,3,2.8,10.2,1.203252033,14.90810557,10,493,45.35934758,26.452272,14.285,-1.985
42,3333,N11,pil,15,14,8.3,2.2,2,9.7,1.071428571,11.47130315,11,443,38.84188426,13.885872,14.285,-0.285
42,3333,N12,pil,15.2,14.8,5.6,3.2,3,8.8,1.027027027,12.08625895,12,435,41.67675499,30.222192,14.285,0.515
42,3333,N13,pil,16.9,15.1,8.1,2.7,2.3,9.8,1.119205298,10.94846422,13,410,40.05535692,19.760664,14.285,0.815
42,3333,N14,pil,15,14.1,3.9,3.5,2,9.2,1.063829787,11.74688019,14,408,43.18705952,25.5255,14.285,-0.185
42,3333,N15,pil,14.4,12.8,6.9,3,1.7,8.2,1.125,11.64785143,15,451,38.74008237,18.676812,14.285,-1.485
42,3333,N16,pil,14.9,14.8,8,3.3,2.7,9.1,1.006756757,15.85319326,16,488,48.72907766,28.557144,14.285,0.515
42,3333,N17,pil,14.3,13.3,7.1,3.8,2,8.9,1.07518797,13.74859708,17,429,48.07201777,28.965552,14.285,-0.985
42,3333,N18,pil,16.4,15.7,8.5,3.5,2.3,9.8,1.044585987,13.6467904,18,444,46.10402164,27.551832,14.285,1.415
42,3333,N19,pil,15.2,15.5,4.6,3.3,2.5,8.1,0.980645161,14.6631378,19,455,48.34001474,26.923512,14.285,1.215
42,3333,N2,pil,15.6,15.8,5.6,4.5,2.7,9.7,0.987341772,12.84738335,2,434,44.40339868,43.259832,14.285,1.515
42,3333,N20,pil,15.3,12.5,9.9,2.4,1.8,9.9,1.224,11.97151664,20,411,43.69166656,14.1372,14.285,-1.785
42,3333,N3,pil,15.1,15,7.7,3,2.7,9,1.006666667,12.89152357,3,454,42.59313956,25.588332,14.285,0.715
42,3333,N4,pil,13.2,13.8,5.6,2.7,2.2,7.2,0.956521739,10.82473914,4,445,36.48788473,19.053804,14.285,-0.485
42,3333,N5,pil,14.4,15.8,6.6,3.6,2.5,8.2,0.911392405,11.56087337,5,393,44.12547089,30.175068,14.285,1.515
42,3333,N6,pil,14.9,12.5,8.7,2.8,2.2,9.7,1.192,13.96339983,6,468,44.75448664,19.917744,14.285,-1.785
42,3333,N7,pil,14.7,14.3,7.1,3,2.7,8.8,1.027972028,11.9970547,7,456,39.46399572,25.588332,14.285,0.015
42,3333,N8,pil,15.2,13.9,8.1,2.4,2,9.3,1.09352518,13.53349505,8,455,44.61591773,15.331008,14.285,-0.385
42,3333,N9,pil,14.1,13.9,5.2,3.3,2.9,7.6,1.014388489,11.58614107,9,443,39.23072596,30.31644,14.285,-0.385
49,714,N1,pil,14.3,16.3,4.2,4.5,3.8,7,0.877300613,12.72284985,1,545,35.01701793,54.491052,17.705,-1.405
49,714,N10,pil,15.5,18.8,5,5,3.9,7.9,0.824468085,12.87698664,10,491,39.33906307,63.161868,17.705,1.095
49,714,N11,pil,15.7,20.3,2.9,4,5,7.7,0.773399015,12.5743835,11,377,50.03070357,64.4028,17.705,2.595
49,714,N12,pil,16.1,18.5,3.5,5,4.2,6.3,0.87027027,14.05473433,12,582,36.22354209,66.978912,17.705,0.795
49,714,N13,pil,14.8,14,6.1,2.9,2.9,7.3,1.057142857,12.00958184,13,407,44.26135815,26.420856,17.705,-3.705
49,714,N14,pil,15.4,18.1,5.8,4.5,6,7.2,0.850828729,13.71327893,14,474,43.39645231,88.3575,17.705,0.395
49,714,N15,pil,14.8,14.9,6.9,2.8,3.1,8.5,0.993288591,12.36049273,15,455,40.74887713,27.41046,17.705,-2.805
49,714,N16,pil,16.6,23.3,3,6,6,6.9,0.712446352,13.0580102,16,464,42.21339504,113.0976,17.705,5.595
49,714,N17,pil,16,24,6.1,5.9,5.8,7,0.666666667,12.59133621,17,480,39.34792567,107.52126,17.705,6.295
49,714,N18,pil,14.1,16.6,3.2,4.5,5.5,6.6,0.84939759,11.67549467,18,438,39.9845708,79.3254,17.705,-1.105
49,714,N19,pil,14.6,17,3.9,6,5.8,6.7,0.858823529,13.62985937,19,484,42.24129971,109.390512,17.705,-0.705
49,714,N2,pil,15.1,18.7,2.6,5.5,5.5,5.9,0.807486631,11.59854731,2,464,37.49530379,95.0334,17.705,0.995
49,714,N20,pil,14.9,18.6,6.2,5.5,3.3,7,0.801075269,10.53854875,20,415,38.09114007,64.622712,17.705,0.895
49,714,N3,pil,16.6,17.9,4.4,4.5,5.5,6.7,0.927374302,11.34413957,3,426,39.94415341,79.3254,17.705,0.195
49,714,N4,pil,15.8,19.1,2.7,5.2,5.5,6.1,0.827225131,11.57942933,4,528,32.89610604,89.991132,17.705,1.395
49,714,N5,pil,13.7,13.6,5.4,3.3,3.2,6.9,1.007352941,10.98175233,5,424,38.8505389,33.191004,17.705,-4.105
49,714,N6,pil,14.3,15.2,5.5,3.6,3.5,7.4,0.940789474,10.60472472,6,423,37.60540682,39.599868,17.705,-2.505
49,714,N7,pil,13.2,12.7,5.2,3.2,3,6.6,1.039370079,12.37644432,7,443,41.90669635,30.222192,17.705,-5.005
49,714,N8,pil,15.6,17.6,1.6,5,4.5,6.7,0.886363636,11.66974931,8,452,38.72704417,71.0787,17.705,-0.105
49,714,N9,pil,15.6,18.9,2.9,3.5,4.2,6.9,0.825396825,12.34457196,9,442,41.89334375,46.951212,17.705,1.195
